medicamento,pergunta,resposta
Dramin,Com que frequência devo tomar,"De acordo com a bula do medicamento Dramin B6, você deve tomar um a dois comprimidos (50 a 100 mg de dimenidrinato) a cada quatro horas, não excedendo oito comprimidos (400 mg de dimenidrinato) em 24 horas."
Dramin,Para que serve este remedio?,"De acordo com a bula do medicamento, o Dramin® B6 é indicado para prevenir e tratar os sintomas de enjoo, tontura e vômitos em geral, incluindo os vômitos e enjoos da gravidez, no pré e pós-operatórios e após tratamento com radioterapia; na prevenção e tratamento de tonturas, enjoos e vômitos causados por movimentos durantes as viagens (avião, barco, ônibus, automóvel, etc.), quadro conhecido como cinetose; para prevenção e tratamento das labirintites e vertigens em geral."
Dramin,"Estou grávida, posso tomar este remédio?","De acordo com a bula do medicamento, o Dramin B6 é considerado seguro para uso durante a gravidez e a amamentação. No entanto, é importante informar ao seu médico ou cirurgião-dentista se você está grávida ou amamentando, pois ele pode avaliar a necessidade de parar o uso da medicação ou de interrupção da amamentação.

Além disso, é fundamental lembrar que o Dramin B6 não deve ser utilizado por mulheres grávidas sem orientação médica ou do cirurgião-dentista. Portanto, se você está grávida e precisa tomar este medicamento, é essencial consultar um profissional de saúde para obter orientação adequada."
Amoxicilina,Com que frequência devo tomar,"De acordo com a posologia descrita, você deve tomar 3 cápsulas (uma por dia) de 500 mg, três vezes ao dia (de 8 em 8 horas), nas infecções mais graves."
Amoxicilina,Há alguma contraindicação para quem tem diabetes?,"De acordo com a bula do medicamento, não há menção explícita sobre contraindicações específicas relacionadas ao diabetes. No entanto, é importante notar que a amoxicilina pode afetar os níveis de açúcar no sangue (glicose) e pode causar hipoglicemia em pessoas com diabetes.

Portanto, é recomendável que pacientes com diabetes consultem seu médico antes de iniciar o tratamento com amoxicilina para avaliar a possibilidade de interações adversas. Além disso, os pacientes com diabetes devem estar atentos aos sintomas de hipoglicemia, como tremores, suor excessivo, fadiga e confusão, e devem informar ao seu médico imediatamente se apresentarem esses sintomas.

É importante lembrar que a amoxicilina é geralmente prescrita para tratar infecções bacterianas, e não há evidências de que ela seja contraindicada para pacientes com diabetes. No entanto, é fundamental que os pacientes com diabetes consultem seu médico antes de iniciar o tratamento com qualquer medicamento."
Dramin,Há alguma contraindicação para quem tem diabetes?,"De acordo com a bula do medicamento, não há restrições específicas mencionadas para pacientes com diabetes. No entanto, é importante notar que o dimenidrinato, um dos componentes do Dramin B6, pode afetar os níveis de açúcar no sangue e causar hipoglicemia (nível baixo de açúcar no sangue) em alguns pacientes.

Portanto, é recomendável que pacientes com diabetes consultem seu médico antes de iniciar o tratamento com Dramin B6, especialmente se estiverem tomando outros medicamentos que possam afetar os níveis de açúcar no sangue. Além disso, é importante monitorar os níveis de açúcar no sangue regularmente durante o tratamento e ajustar a dose do medicamento conforme necessário para evitar hipoglicemia.

É fundamental lembrar que o Dramin B6 não é um medicamento específico para o tratamento da diabetes, e seu uso deve ser discutido com um médico antes de iniciar o tratamento."
Dramin,Há alguma contraindicação para quem tem diabetes?,"De acordo com a bula do medicamento, não há restrições específicas mencionadas para pacientes com diabetes. No entanto, é importante notar que o dimenidrinato, um dos componentes do Dramin B6, pode afetar os níveis de açúcar no sangue e causar hipoglicemia (nível baixo de açúcar no sangue) em alguns pacientes.

Portanto, é recomendável que pacientes com diabetes consultem seu médico antes de iniciar o tratamento com Dramin B6, especialmente se estiverem tomando outros medicamentos que possam afetar os níveis de açúcar no sangue. Além disso, é importante monitorar os níveis de açúcar no sangue regularmente durante o tratamento e ajustar a dose do medicamento conforme necessário para evitar hipoglicemia.

É fundamental lembrar que o Dramin B6 não é um medicamento específico para o tratamento da diabetes, e seu uso deve ser discutido com um médico antes de iniciar o tratamento."
Amoxicilina,Há alguma contraindicação para quem tem diabetes?,"De acordo com a bula do medicamento, não há menção explícita sobre contraindicações específicas relacionadas ao diabetes. No entanto, é importante notar que a amoxicilina pode afetar os níveis de açúcar no sangue, o que pode ser um problema para pessoas com diabetes.

É recomendado que as pessoas com diabetes consultem seu médico antes de iniciar o tratamento com amoxicilina, pois eles podem precisar ajustar sua dose de insulina ou outros medicamentos para controlar os níveis de açúcar no sangue. Além disso, é importante monitorar os níveis de açúcar no sangue regularmente durante o tratamento com amoxicilina.

É fundamental lembrar que a amoxicilina não é um medicamento específico para tratar diabetes, e seu uso deve ser discutido com um médico antes de iniciar o tratamento."
Amoxicilina,Posso tomar grávida?,"Não. A amoxicilina é um antibiótico que deve ser usado apenas sob orientação médica, pois pode causar reações adversas graves em mulheres grávidas."
Amoxicilina,Posso tomar grávida?,"Não. A amoxicilina é um antibiótico que deve ser usado apenas sob orientação médica, pois pode causar reações adversas graves em mulheres grávidas."
Amoxicilina,Posso tomar grávida?,"Não. A amoxicilina é um antibiótico que deve ser usado apenas sob orientação médica, pois pode causar reações adversas graves em mulheres grávidas."
Paracetamol,Faça um breve resumo da bula,"De acordo com a bula do medicamento, o paracetamol é um medicamento genérico, disponível em solução oral de 200 mg/mL, em frascos com 10, 15 ou 20 mL. O uso recomendado é oral, com doses terapêuticas não associadas à irritação gástrica. A absorção do paracetamol é mais rápida se o paciente estiver em jejum, e os alimentos podem afetar a velocidade da absorção, mas não a quantidade absorvida. É importante consultar o médico antes de usar o medicamento em pacientes com problemas no fígado ou nos rins, e também em idosos. Além disso, é necessário evitar a administração do medicamento diretamente na boca do paciente, e não exceder a dose recomendada para evitar problemas de saúde sérios."
Dramin,oi,"Peço desculpas, mas não posso fornecer uma resposta à sua pergunta sem mais informações. Você não forneceu nenhuma pergunta específica sobre o medicamento Dramin.

Se você tiver alguma dúvida ou preocupação sobre o uso do Dramin ou qualquer outro medicamento, recomendo que consulte seu médico ou farmacêutico para obter orientação personalizada e segura. Eles poderão fornecer informações detalhadas e atualizadas sobre o medicamento e como usá-lo de forma segura.

Se você tiver alguma outra pergunta ou precisar de ajuda com algo mais, estou aqui para ajudar!"
Amoxicilina,Há alguma contraindicação para quem tem diabetes?,"De acordo com a bula do medicamento, não há menção explícita sobre contraindicações específicas relacionadas ao diabetes. No entanto, é importante notar que a amoxicilina pode afetar os níveis de açúcar no sangue, o que pode ser um problema para pessoas com diabetes.

É recomendado que as pessoas com diabetes consultem seu médico antes de iniciar o tratamento com amoxicilina, pois eles podem precisar ajustar sua dose de insulina ou outros medicamentos para controlar os níveis de açúcar no sangue. Além disso, é importante monitorar os níveis de açúcar no sangue regularmente durante o tratamento com amoxicilina.

É fundamental lembrar que a amoxicilina não é um medicamento específico para tratar diabetes, e seu uso deve ser discutido com um médico antes de iniciar o tratamento."
Rivotril,há alguma contraindicação para quem tem diabetes?,"Não há uma contraindicação específica para pessoas com diabetes em relação ao uso do Rivotril. No entanto, é importante considerar alguns pontos:

1. **Monitoramento de níveis de açúcar no sangue**: O Rivotril pode afetar os níveis de açúcar no sangue, especialmente quando usado em combinação com outros medicamentos ou dietas. É importante monitorar os níveis de açúcar no sangue e ajustar a dose do medicamento conforme necessário.
2. **Hipersensibilidade**: Embora não haja uma contraindicação específica para diabetes, é importante ter cuidado com a hipersensibilidade, pois alguns pacientes com diabetes podem ser mais propensos a reações adversas ao medicamento.
3. **Interação com outros medicamentos**: O Rivotril pode interagir com outros medicamentos, incluindo aqueles usados para tratar diabetes, como metformina ou insulina. É importante discutir com o médico antes de iniciar ou ajustar a dose do medicamento.

Em resumo, embora não haja uma contraindicação específica para pessoas com diabetes, é importante considerar os pontos mencionados acima e monitorar os níveis de açúcar no sangue e qualquer reação adversa ao medicamento."
Rivotril,Há alguma contraindicação para quem tem diabetes?,"Não há uma contraindicação específica para pessoas com diabetes em relação ao uso do Rivotril. No entanto, é importante considerar alguns pontos:

1. **Monitoramento de níveis de açúcar no sangue**: O Rivotril pode afetar os níveis de açúcar no sangue, especialmente quando usado em combinação com outros medicamentos ou dietas. É importante monitorar os níveis de açúcar no sangue e ajustar a dose do medicamento conforme necessário.
2. **Hiperglicemia**: O Rivotril pode causar hiperglicemia (nível alto de açúcar no sangue) em alguns pacientes, especialmente quando usado em doses elevadas ou em combinação com outros medicamentos que também podem aumentar os níveis de açúcar no sangue.
3. **Diabetes mellitus**: Embora não haja uma contraindicação específica para diabetes, é importante considerar a presença de diabetes mellitus como um fator de risco para o desenvolvimento de hiperglicemia e outros problemas relacionados ao uso do Rivotril.

Em resumo, embora não haja uma contraindicação específica para pessoas com diabetes, é importante monitorar os níveis de açúcar no sangue e ajustar a dose do medicamento conforme necessário, especialmente se o paciente tem diabetes mellitus. É sempre recomendável consultar um médico antes de iniciar ou continuar o uso do Rivotril em pacientes com diabetes."
