pipeline,modelo,nome_remedio,pergunta,dificuldade,resposta_esperada,resposta_gerada,resposta_crua,secoes_recuperadas,chunk_ids_recuperados,textos_recuperados,tempo_recuperacao_segundos,tempo_inferencia_segundos
Standard RAG,,Rivotril,Quais são os efeitos colaterais do medicamento?,easy,test,"De acordo com a bula do medicamento Rivotril, consta a seguinte informação: Os efeitos colaterais e reações adversas que o medicamento pode causar são variados e podem afetar diferentes sistemas do corpo.

**Reações Comuns (Ocorridas em ≥ 5% dos pacientes):**
As reações mais frequentes incluem sonolência, dor de cabeça, infecção das vias aéreas superiores, cansaço, gripe, depressão, vertigem, irritabilidade, insônia, perda da coordenação de movimentos e da marcha, perda do equilíbrio, náusea, sensação de cabeça leve, sinusite e concentração prejudicada.

**Distúrbios por Sistema:**
*   **Sistema Nervoso:** São frequentes e geralmente transitórios: diminuição da concentração, sonolência, lentificação, hipotonia muscular, tonturas, ataxia (incoordenação dos movimentos), dificuldade para articular a fala, incoordenação de movimentos e da marcha, movimento anormal dos olhos. Podem ocorrer também esquecimento de fatos recentes, alteração do comportamento, estado confusional e desorientação.
    *   **Reações Paradoxais:** Incluem inquietação, agitação, irritabilidade, agressividade, nervosismo, hostilidade, ansiedade, distúrbios do sono, delírio, raiva, pesadelos, sonhos anormais, alucinações, psicose, hiperatividade e comportamento inapropriado.
*   **Respiratórios:** Congestão pulmonar, congestão nasal, hipersecreção, tosse, falta de ar, bronquite, rinite ou faringite. O medicamento pode aumentar a produção de saliva ou secreção brônquica em lactentes e crianças. Pode ocorrer depressão respiratória.
*   **Gastrointestinais:** Perda do apetite, língua saburrosa, constipação, diarreia, boca seca, incontinência fecal, gastrite, aumento do fígado, apetite aumentado, gengivas doloridas, dor abdominal ou inflamação gastrintestinal.
*   **Cardiovasculares:** Palpitações, dor torácica e insuficiência cardíaca (incluindo parada cardíaca).
*   **Oculares:** Visão dupla reversível e aparência de “olho vítreo”.
*   **Distúrbios do Ouvido:** Otite ou vertigem.

**Outros Distúrbios e Riscos Graves:**
*   **Pós-comercialização/Sérios:** Podem ocorrer reações alérgicas (incluindo anafilaxia), amnésia, alucinações, histeria, psicose, tentativa de suicídio, despersonalização ou distúrbio de memória.
*   **Musculoesqueléticos:** Fraqueza muscular, dor muscular, dor nas costas, fratura traumática, dor na nuca, deslocamentos e tensões.
*   **Renais/Urinários:** Dificuldade para urinar, perda urinária durante o sono (noctúria), retenção urinária ou infecção do trato urinário.

**Atenções Importantes:**
1.  **Interações Perigosas:** Não deve ser tomado com álcool e/ou depressores do sistema nervoso central, pois essa combinação pode aumentar os efeitos de Rivotril[®], resultando em potencial sedação grave que pode levar a coma ou morte, além de depressão cardiovascular e/ou respiratória.
2.  **Uso Geral:** O uso deve ser interrompido pela redução gradativa da dose diária para evitar sintomas de abstinência (como tremor, agitação, ansiedade, confusão e convulsões epiléticas).
3.  **Capacidade Funcional:** Durante o tratamento, o paciente não deve dirigir veículos ou operar máquinas, pois sua habilidade e atenção podem estar prejudicadas.

---
*Esta resposta se baseia apenas nos trechos da bula recuperados e não substitui orientação médica ou farmacêutica.*","De acordo com a bula do medicamento Rivotril, consta a seguinte informação: Os efeitos colaterais e reações adversas que o medicamento pode causar são variados e podem afetar diferentes sistemas do corpo.

**Reações Comuns (Ocorridas em ≥ 5% dos pacientes):**
As reações mais frequentes incluem sonolência, dor de cabeça, infecção das vias aéreas superiores, cansaço, gripe, depressão, vertigem, irritabilidade, insônia, perda da coordenação de movimentos e da marcha, perda do equilíbrio, náusea, sensação de cabeça leve, sinusite e concentração prejudicada.

**Distúrbios por Sistema:**
*   **Sistema Nervoso:** São frequentes e geralmente transitórios: diminuição da concentração, sonolência, lentificação, hipotonia muscular, tonturas, ataxia (incoordenação dos movimentos), dificuldade para articular a fala, incoordenação de movimentos e da marcha, movimento anormal dos olhos. Podem ocorrer também esquecimento de fatos recentes, alteração do comportamento, estado confusional e desorientação.
    *   **Reações Paradoxais:** Incluem inquietação, agitação, irritabilidade, agressividade, nervosismo, hostilidade, ansiedade, distúrbios do sono, delírio, raiva, pesadelos, sonhos anormais, alucinações, psicose, hiperatividade e comportamento inapropriado.
*   **Respiratórios:** Congestão pulmonar, congestão nasal, hipersecreção, tosse, falta de ar, bronquite, rinite ou faringite. O medicamento pode aumentar a produção de saliva ou secreção brônquica em lactentes e crianças. Pode ocorrer depressão respiratória.
*   **Gastrointestinais:** Perda do apetite, língua saburrosa, constipação, diarreia, boca seca, incontinência fecal, gastrite, aumento do fígado, apetite aumentado, gengivas doloridas, dor abdominal ou inflamação gastrintestinal.
*   **Cardiovasculares:** Palpitações, dor torácica e insuficiência cardíaca (incluindo parada cardíaca).
*   **Oculares:** Visão dupla reversível e aparência de “olho vítreo”.
*   **Distúrbios do Ouvido:** Otite ou vertigem.

**Outros Distúrbios e Riscos Graves:**
*   **Pós-comercialização/Sérios:** Podem ocorrer reações alérgicas (incluindo anafilaxia), amnésia, alucinações, histeria, psicose, tentativa de suicídio, despersonalização ou distúrbio de memória.
*   **Musculoesqueléticos:** Fraqueza muscular, dor muscular, dor nas costas, fratura traumática, dor na nuca, deslocamentos e tensões.
*   **Renais/Urinários:** Dificuldade para urinar, perda urinária durante o sono (noctúria), retenção urinária ou infecção do trato urinário.

**Atenções Importantes:**
1.  **Interações Perigosas:** Não deve ser tomado com álcool e/ou depressores do sistema nervoso central, pois essa combinação pode aumentar os efeitos de Rivotril[®], resultando em potencial sedação grave que pode levar a coma ou morte, além de depressão cardiovascular e/ou respiratória.
2.  **Uso Geral:** O uso deve ser interrompido pela redução gradativa da dose diária para evitar sintomas de abstinência (como tremor, agitação, ansiedade, confusão e convulsões epiléticas).
3.  **Capacidade Funcional:** Durante o tratamento, o paciente não deve dirigir veículos ou operar máquinas, pois sua habilidade e atenção podem estar prejudicadas.","O QUE DEVO SABER ANTES DE USAR ESTE MEDICAMENTO?, QUAIS OS MALES QUE ESTE MEDICAMENTO PODE ME CAUSAR?",,"[""## **Interações fármaco-laboratório** \n\nInterações com testes laboratoriais não foram estabelecidas. \n\n**Informe ao seu médico ou cirurgião-dentista se você está fazendo uso de algum outro medicamento. Não use medicamento sem o conhecimento do seu médico. Pode ser perigoso para a sua   saúde.** \n\n## **"", ""## **Distúrbios do ouvido** : otite, vertigem. \n\n**Diversas** : desidratação, deterioração geral, febre, aumento dos gânglios linfáticos, ganho ou perda de peso, infecção viral. \n\n**Informe ao seu médico, cirurgião-dentista ou farmacêutico o aparecimento de reações indesejáveis pelo uso do medicamento. Informe também à empresa através do seu serviço de atendimento.** \n\n## **"", ""**Distúrbios do sistema nervoso** : diminuição da concentração, sonolência, lentificação, hipotonia muscular, tonturas, ataxia são frequentes e geralmente transitórias. Dor de cabeça (raro). Distúrbios reversíveis: dificuldade para articular a fala, incoordenação de movimentos e da marcha, movimento anormal dos olhos. Pode haver esquecimento de fatos recentes, associado a alteração de comportamento. Pode haver aumento das crises convulsivas em determinadas formas de epilepsia. Perda da voz, movimentos grosseiros e descoordenados de braços e pernas, coma, tremor, perda de força de um lado do corpo, sensação de cabeça leve, falta de energia e formigamento e alteração da sensibilidade nas extremidades. \n\n**Distúrbios oculares** : visão dupla reversível, aparência de “olho vítreo”. \n\n**Distúrbios cardiovasculares** : palpitações, dor torácica, insuficiência cardíaca (incluindo parada  cardíaca). \n\n**Distúrbios respiratórios** : congestão pulmonar, congestão nasal, hipersecreção, tosse, falta de ar, bronquite, rinite, faringite. Pode ocorrer depressão respiratória. **Rivotril[® ]** pode aumentar a produção de saliva ou de secreção brônquica (secreção nas vias aéreas) em lactentes e crianças. \n\n**Distúrbios gastrintestinais** : perda do apetite, língua saburrosa, constipação, diarreia, boca seca, incontinência fecal (perda do controle da evacuação), gastrite, aumento do fígado, apetite aumentado, gengivas doloridas, dor abdominal, inflamação gastrintestinal, dor de dente. Náuseas e sintomas epigástricos (raro) (sintomas na região do estômago). \n\n5"", ""8. QUAIS OS MALES QUE ESTE MEDICAMENTO PODE ME   CAUSAR?** Algumas reações são transitórias e desaparecem espontaneamente no decorrer do tratamento ou com redução da dose. As reações que ocorreram em ≥ 5% dos pacientes em estudos clínicos foram: sonolência, dor de cabeça, infecção das vias aéreas superiores, cansaço, gripe, depressão, vertigem, irritabilidade, insônia, perda da coordenação de movimentos e da marcha, perda do equilíbrio, náusea, sensação de cabeça leve, sinusite e concentração prejudicada. \n\n## **Pós-comercialização:** \n\n**Distúrbios do sistema imunológico** : reações alérgicas e muito poucos casos de anafilaxia (reação alérgica grave). \n\n**Distúrbios endócrinos** : casos isolados, reversíveis, de puberdade precoce incompleta em crianças. \n\n**Distúrbios psiquiátricos** : amnésia, alucinações, histeria, psicose, tentativa de suicídio, despersonalização, distúrbio de memória, desinibição orgânica, ideias suicidas, lamentações, distúrbios emocionais e de humor, estado confusional e desorientação. Depressão pode estar associada à doença de base. Reações paradoxais: inquietação, agitação, irritabilidade, agressividade, nervosismo, hostilidade, ansiedade, distúrbios do sono, delírio, raiva, pesadelos, sonhos anormais, alucinações, psicose, hiperatividade, comportamento inapropriado e outros efeitos comportamentais. Alterações da libido (casos raros). Dependência e retirada, vide item “Abuso e dependência do medicamento”."", ""4. O QUE DEVO SABER ANTES DE USAR ESTE   MEDICAMENTO?** \n\nAntes de tomar **Rivotril**[®] , informe seu médico se você tem ou teve: \n\n- 1) outros problemas de saúde, como doenças nos rins ou fígado (por exemplo: cirrose hepática), distúrbio neuromuscular ou respiratório, porfiria (doença em que ocorre deficiência de enzimas específicas na via da biossíntese do heme); \n\n- 2) sinais ou sintomas de depressão e/ou tentativa de suicídio; \n\n- 3) intolerância à galactose (açúcar) ou deficiência de lactase (enzima que quebra a lactose); \n\n4) ataxia cerebelar ou espinhal (descoordenação dos movimentos por problema do cerebelo ou medula); \n\n> 5) uso regular ou intoxicação aguda por álcool ou drogas. \n\nPode ocorrer perda de efeito durante o tratamento com clonazepam. \n\nNão tome **Rivotril[® ]** com álcool e/ou depressores do sistema nervoso central, essa combinação pode aumentar os efeitos de **Rivotril[®]** , com potencial sedação grave que pode resultar em coma ou morte, depressão cardiovascular e/ou respiratória. Caso ocorram reações paradoxais ** durante o tratamento, fale com seu médico, pois o uso do medicamento deve ser descontinuado. Pode ocorrer amnésia anterógrada (perda da habilidade de criar novas memórias e absorver novas informações), com o uso de benzodiazepínicos em doses terapêuticas. \n\n**Rivotril[® ]** pode precipitar o estado de mal epiléptico (crises epilépticas em sequência rápida). Fale com seu médico antes de aumentar a dose ou interromper abruptamente esta medicação. \n\n## **Abuso e dependência do medicamento**"", ""## **Efeitos sobre a capacidade de dirigir e operar  máquinas** \n\nClonazepam pode lentificar as reações, efeito agravado com o uso de álcool. \n\n**Durante o tratamento, o paciente não deve dirigir veículos ou operar máquinas, pois sua habilidade e atenção podem estar prejudicadas.** \n\nAté o momento, não há informações de que **Rivotril[®  ]** cause _doping_ . Em caso de dúvidas, consulte o seu  médico. \n\n## **Gravidez e amamentação** \n\n2 \n\n**==> picture [109 x 35] intentionally omitted <==**\n\n## **Este medicamento não deve ser utilizado por mulheres grávidas sem orientação médica ou do cirurgiãodentista.** \n\n**Rivotril[® ]** só deve ser administrado a gestantes se houver indicação absoluta e se os benefícios  potenciais \n\nsuperarem os riscos para o feto. **Rivotril[® ]** pode prejudicar seu bebê. Informe seu médico se estiver grávida ou se está tentando engravidar. O uso de altas doses no último trimestre da gestação ou no trabalho de parto pode  causar irregularidades no batimento cardíaco do feto e baixa temperatura corpórea, falta de tônus muscular, depressão respiratória e dificuldade de sucção no bebê. Tanto a gestação quanto a suspensão de **Rivotril**[® ] podem exacerbar a epilepsia. \n\nInforme seu médico se estiver amamentando. Se você realmente precisar tomar **Rivotril[®]** , a amamentação deve ser descontinuada. \n\n## **Uso em crianças**"", ""**Rivotril[® ]** pode precipitar o estado de mal epiléptico (crises epilépticas em sequência rápida). Fale com seu médico antes de aumentar a dose ou interromper abruptamente esta medicação. \n\n## **Abuso e dependência do medicamento** \n\nO uso de benzodiazepínicos pode levar ao desenvolvimento de dependência física e psicológica. O risco de dependência aumenta com a dose, tratamentos prolongados e em pacientes com história de abuso de álcool ou drogas. Em caso de dependência, especialmente com doses elevadas, a descontinuação brusca do tratamento será acompanhada por sintomas de abstinência: psicoses, distúrbio comportamental, tremor, sudorese, agitação, distúrbios do sono e ansiedade, dor de cabeça, diarreia, dores musculares, câimbras, ansiedade extrema, tensão, cansaço, inquietação, alteração de humor, confusão, irritabilidade e convulsões epiléticas que podem ser associadas à doença de base. Em casos graves, desrealização (sentimentos de estranhamento ou distanciamento em relação ao ambiente), despersonalização (processo psíquico, em que se tem a impressão de que se é estranho a si mesmo), hipersensibilidade ao som, à luz, a ruídos e ao contato físico, sensações anormais, formigamentos, alucinações. O risco dos sintomas de abstinência é maior após descontinuação súbita do tratamento, portanto a retirada brusca do medicamento deve ser evitada. O tratamento (mesmo de curta duração) deve ser interrompido pela redução gradativa da dose diária. \n\n## **Efeitos sobre a capacidade de dirigir e operar  máquinas**"", ""Informe seu médico se estiver amamentando. Se você realmente precisar tomar **Rivotril[®]** , a amamentação deve ser descontinuada. \n\n## **Uso em crianças** \n\nAvaliar o risco / benefício do uso de **Rivotril[® ]** a longo prazo em pacientes pediátricos com distúrbios epilépticos. **Rivotril[® ]** pode aumentar a salivação e as secreções brônquicas em lactentes e crianças pequenas. Atenção:  manter as vias aéreas livres. \n\nNão há dados de eficácia / segurança de **Rivotril[® ]** em menores de 18 anos com distúrbio do pânico. \n\n## **Uso em idosos** \n\nOs efeitos dos benzodiazepínicos parecem ser maiores em pacientes idosos do que em pacientes mais jovens, mesmo em concentrações plasmáticas similares. \n\n## **Principais interações medicamentosas** \n\nInforme seu médico se estiver tomando outros medicamentos, incluindo as substâncias a seguir, pois elas podem interagir com **Rivotril[®]** : \n\n– Depressores do sistema nervoso central e álcool; \n\n– Medicamentos que agem no sistema nervoso: antidepressivos, medicamentos para dormir, alguns analgésicos, antipsicóticos, ansiolíticos, anticonvulsivantes; \n\n– Medicamentos para o estômago. \n\n## **Interações fármaco-alimento** \n\nInterações com alimentos não foram estabelecidas. O suco de toranja pode aumentar o efeito de **Rivotril**[®] . \n\n## **Interações fármaco-laboratório** \n\nInterações com testes laboratoriais não foram estabelecidas. \n\n**Informe ao seu médico ou cirurgião-dentista se você está fazendo uso de algum outro medicamento. Não use medicamento sem o conhecimento do seu médico. Pode ser perigoso para a sua   saúde.**"", ""5 \n\n**==> picture [109 x 35] intentionally omitted <==**\n\n**Distúrbios da pele / tecido subcutâneo** : urticária (placas avermelhadas na pele que coçam bastante), coceira, erupção cutânea, perda de cabelo transitória, crescimento anormal de pelos, inchaço na face e tornozelo, alterações da pigmentação (raro). \n\n**Distúrbios musculoesqueléticos / tecido conectivo** : fraqueza muscular, frequente e geralmente transitória. Dor muscular, dor nas costas, fratura traumática, dor na nuca, deslocamentos e tensões. \n\n**Distúrbios renais / urinários** : dificuldade para urinar, perda urinária durante o sono, noctúria (levantar para urinar à noite), retenção urinária, infecção do trato urinário. Incontinência (raro). \n\n**Distúrbios do sistema reprodutivo** : cólicas menstruais, diminuição de interesse sexual. Impotência (raro). \n\n**Distúrbios gerais** : fadiga frequente e geralmente transitória. Reações paradoxais: vide item “Distúrbios psiquiátricos”. \n\n**Lesões e envenenamento** : quedas e fraturas. Risco maior em pessoas que usam outros sedativos incluindo bebidas alcoólicas e em idosos. \n\n**Exames complementares** : diminuição do número de plaquetas (raro). Diminuição dos glóbulos brancos e anemia, alterações dos exames da função do fígado. \n\n## **Distúrbios do ouvido** : otite, vertigem. \n\n**Diversas** : desidratação, deterioração geral, febre, aumento dos gânglios linfáticos, ganho ou perda de peso, infecção viral.""]",32.581,71.719
Agentic RAG,,Rivotril,Quais são os efeitos colaterais do medicamento?,easy,test,"De acordo com a bula do medicamento Rivotril, consta a seguinte informação: Os efeitos colaterais possíveis estão divididos por sistemas e incluem:

**Distúrbios Gerais e Sistêmicos:**
*   **Gerais/Diversos:** Desidratação, deterioração geral, febre, aumento dos gânglios linfáticos, ganho ou perda de peso, infecção viral. Fadiga frequente e geralmente transitória.
*   **Sistema Nervoso:** Sonolência, lentificação, tonturas, ataxia (são frequentemente e geralmente transitórias). Outros efeitos incluem diminuição da concentração, dor de cabeça (raro), dificuldade para articular a fala, incoordenação de movimentos e da marcha, movimento anormal dos olhos, esquecimento de fatos recentes, perda da voz, tremor, sensação de cabeça leve, falta de energia, formigamento e alteração da sensibilidade nas extremidades. Em casos mais graves, podem ocorrer coma ou aumento das crises convulsivas em determinadas formas de epilepsia.
*   **Distúrbios Psiquiátricos:** Amnésia, alucinações, histeria, psicose, despersonalização, distúrbio de memória, ideias suicidas, e reações paradoxais como inquietação, agitação, irritabilidade, agressividade, nervosismo, hostilidade, ansiedade ou delírio.
*   **Distúrbios do Ouvido:** Otite e vertigem.

**Sistemas Específicos:**
*   **Cardiovasculares:** Palpitações, dor torácica, insuficiência cardíaca (incluindo parada cardíaca).
*   **Respiratórios:** Congestão pulmonar, congestão nasal, tosse, falta de ar, bronquite, rinite e faringite. Pode ocorrer depressão respiratória. O medicamento pode aumentar a produção de saliva ou secreção brônquica em lactentes e crianças.
*   **Gastrintestinais:** Perda do apetite, língua saburrosa, constipação, diarreia, boca seca, incontinência fecal, gastrite, dor abdominal, inflamação gastrintestinal e náuseas (raro).
*   **Oculares:** Visão dupla reversível ou aparência de “olho vítreo”.
*   **Pele/Tecido Subcutâneo:** Urticária, coceira, erupção cutânea, perda de cabelo transitória, crescimento anormal de pelos, inchaço na face e tornozelo.
*   **Musculoesqueléticos:** Fraqueza muscular (frequente e geralmente transitória), dor muscular, dor nas costas ou dor na nuca.
*   **Renais/Urinários:** Dificuldade para urinar, noctúria (levantar para urinar à noite), retenção urinária, infecção do trato urinário ou incontinência (raro).
*   **Reprodutivo:** Cólicas menstruais, diminuição de interesse sexual ou impotência (raro).

**Outros Efeitos e Complicações:**
*   **Imunológico:** Reações alérgicas e muito poucos casos de anafilaxia.
*   **Endócrino:** Casos isolados e reversíveis de puberdade precoce incompleta em crianças.
*   **Hematológico/Hepático (Exames Complementares):** Diminuição do número de plaquetas, diminuição dos glóbulos brancos, anemia ou alterações nos exames da função do fígado.
*   **Risco Geral:** Quedas e fraturas, com risco maior em idosos ou pessoas que usam outros sedativos, incluindo bebidas alcoólicas.

É importante notar que algumas reações são descritas como transitórias e podem desaparecer espontaneamente ou com a redução da dose.

---
*Esta resposta se baseia apenas nos trechos da bula recuperados e não substitui orientação médica ou farmacêutica.*","De acordo com a bula do medicamento Rivotril, consta a seguinte informação: Os efeitos colaterais possíveis estão divididos por sistemas e incluem:

**Distúrbios Gerais e Sistêmicos:**
*   **Gerais/Diversos:** Desidratação, deterioração geral, febre, aumento dos gânglios linfáticos, ganho ou perda de peso, infecção viral. Fadiga frequente e geralmente transitória.
*   **Sistema Nervoso:** Sonolência, lentificação, tonturas, ataxia (são frequentemente e geralmente transitórias). Outros efeitos incluem diminuição da concentração, dor de cabeça (raro), dificuldade para articular a fala, incoordenação de movimentos e da marcha, movimento anormal dos olhos, esquecimento de fatos recentes, perda da voz, tremor, sensação de cabeça leve, falta de energia, formigamento e alteração da sensibilidade nas extremidades. Em casos mais graves, podem ocorrer coma ou aumento das crises convulsivas em determinadas formas de epilepsia.
*   **Distúrbios Psiquiátricos:** Amnésia, alucinações, histeria, psicose, despersonalização, distúrbio de memória, ideias suicidas, e reações paradoxais como inquietação, agitação, irritabilidade, agressividade, nervosismo, hostilidade, ansiedade ou delírio.
*   **Distúrbios do Ouvido:** Otite e vertigem.

**Sistemas Específicos:**
*   **Cardiovasculares:** Palpitações, dor torácica, insuficiência cardíaca (incluindo parada cardíaca).
*   **Respiratórios:** Congestão pulmonar, congestão nasal, tosse, falta de ar, bronquite, rinite e faringite. Pode ocorrer depressão respiratória. O medicamento pode aumentar a produção de saliva ou secreção brônquica em lactentes e crianças.
*   **Gastrintestinais:** Perda do apetite, língua saburrosa, constipação, diarreia, boca seca, incontinência fecal, gastrite, dor abdominal, inflamação gastrintestinal e náuseas (raro).
*   **Oculares:** Visão dupla reversível ou aparência de “olho vítreo”.
*   **Pele/Tecido Subcutâneo:** Urticária, coceira, erupção cutânea, perda de cabelo transitória, crescimento anormal de pelos, inchaço na face e tornozelo.
*   **Musculoesqueléticos:** Fraqueza muscular (frequente e geralmente transitória), dor muscular, dor nas costas ou dor na nuca.
*   **Renais/Urinários:** Dificuldade para urinar, noctúria (levantar para urinar à noite), retenção urinária, infecção do trato urinário ou incontinência (raro).
*   **Reprodutivo:** Cólicas menstruais, diminuição de interesse sexual ou impotência (raro).

**Outros Efeitos e Complicações:**
*   **Imunológico:** Reações alérgicas e muito poucos casos de anafilaxia.
*   **Endócrino:** Casos isolados e reversíveis de puberdade precoce incompleta em crianças.
*   **Hematológico/Hepático (Exames Complementares):** Diminuição do número de plaquetas, diminuição dos glóbulos brancos, anemia ou alterações nos exames da função do fígado.
*   **Risco Geral:** Quedas e fraturas, com risco maior em idosos ou pessoas que usam outros sedativos, incluindo bebidas alcoólicas.

É importante notar que algumas reações são descritas como transitórias e podem desaparecer espontaneamente ou com a redução da dose.",QUAIS OS MALES QUE ESTE MEDICAMENTO PODE ME CAUSAR?,,"[""## **Distúrbios do ouvido** : otite, vertigem. \n\n**Diversas** : desidratação, deterioração geral, febre, aumento dos gânglios linfáticos, ganho ou perda de peso, infecção viral. \n\n**Informe ao seu médico, cirurgião-dentista ou farmacêutico o aparecimento de reações indesejáveis pelo uso do medicamento. Informe também à empresa através do seu serviço de atendimento.** \n\n## **"", ""**Distúrbios do sistema nervoso** : diminuição da concentração, sonolência, lentificação, hipotonia muscular, tonturas, ataxia são frequentes e geralmente transitórias. Dor de cabeça (raro). Distúrbios reversíveis: dificuldade para articular a fala, incoordenação de movimentos e da marcha, movimento anormal dos olhos. Pode haver esquecimento de fatos recentes, associado a alteração de comportamento. Pode haver aumento das crises convulsivas em determinadas formas de epilepsia. Perda da voz, movimentos grosseiros e descoordenados de braços e pernas, coma, tremor, perda de força de um lado do corpo, sensação de cabeça leve, falta de energia e formigamento e alteração da sensibilidade nas extremidades. \n\n**Distúrbios oculares** : visão dupla reversível, aparência de “olho vítreo”. \n\n**Distúrbios cardiovasculares** : palpitações, dor torácica, insuficiência cardíaca (incluindo parada  cardíaca). \n\n**Distúrbios respiratórios** : congestão pulmonar, congestão nasal, hipersecreção, tosse, falta de ar, bronquite, rinite, faringite. Pode ocorrer depressão respiratória. **Rivotril[® ]** pode aumentar a produção de saliva ou de secreção brônquica (secreção nas vias aéreas) em lactentes e crianças. \n\n**Distúrbios gastrintestinais** : perda do apetite, língua saburrosa, constipação, diarreia, boca seca, incontinência fecal (perda do controle da evacuação), gastrite, aumento do fígado, apetite aumentado, gengivas doloridas, dor abdominal, inflamação gastrintestinal, dor de dente. Náuseas e sintomas epigástricos (raro) (sintomas na região do estômago). \n\n5"", ""8. QUAIS OS MALES QUE ESTE MEDICAMENTO PODE ME   CAUSAR?** Algumas reações são transitórias e desaparecem espontaneamente no decorrer do tratamento ou com redução da dose. As reações que ocorreram em ≥ 5% dos pacientes em estudos clínicos foram: sonolência, dor de cabeça, infecção das vias aéreas superiores, cansaço, gripe, depressão, vertigem, irritabilidade, insônia, perda da coordenação de movimentos e da marcha, perda do equilíbrio, náusea, sensação de cabeça leve, sinusite e concentração prejudicada. \n\n## **Pós-comercialização:** \n\n**Distúrbios do sistema imunológico** : reações alérgicas e muito poucos casos de anafilaxia (reação alérgica grave). \n\n**Distúrbios endócrinos** : casos isolados, reversíveis, de puberdade precoce incompleta em crianças. \n\n**Distúrbios psiquiátricos** : amnésia, alucinações, histeria, psicose, tentativa de suicídio, despersonalização, distúrbio de memória, desinibição orgânica, ideias suicidas, lamentações, distúrbios emocionais e de humor, estado confusional e desorientação. Depressão pode estar associada à doença de base. Reações paradoxais: inquietação, agitação, irritabilidade, agressividade, nervosismo, hostilidade, ansiedade, distúrbios do sono, delírio, raiva, pesadelos, sonhos anormais, alucinações, psicose, hiperatividade, comportamento inapropriado e outros efeitos comportamentais. Alterações da libido (casos raros). Dependência e retirada, vide item “Abuso e dependência do medicamento”."", ""5 \n\n**==> picture [109 x 35] intentionally omitted <==**\n\n**Distúrbios da pele / tecido subcutâneo** : urticária (placas avermelhadas na pele que coçam bastante), coceira, erupção cutânea, perda de cabelo transitória, crescimento anormal de pelos, inchaço na face e tornozelo, alterações da pigmentação (raro). \n\n**Distúrbios musculoesqueléticos / tecido conectivo** : fraqueza muscular, frequente e geralmente transitória. Dor muscular, dor nas costas, fratura traumática, dor na nuca, deslocamentos e tensões. \n\n**Distúrbios renais / urinários** : dificuldade para urinar, perda urinária durante o sono, noctúria (levantar para urinar à noite), retenção urinária, infecção do trato urinário. Incontinência (raro). \n\n**Distúrbios do sistema reprodutivo** : cólicas menstruais, diminuição de interesse sexual. Impotência (raro). \n\n**Distúrbios gerais** : fadiga frequente e geralmente transitória. Reações paradoxais: vide item “Distúrbios psiquiátricos”. \n\n**Lesões e envenenamento** : quedas e fraturas. Risco maior em pessoas que usam outros sedativos incluindo bebidas alcoólicas e em idosos. \n\n**Exames complementares** : diminuição do número de plaquetas (raro). Diminuição dos glóbulos brancos e anemia, alterações dos exames da função do fígado. \n\n## **Distúrbios do ouvido** : otite, vertigem. \n\n**Diversas** : desidratação, deterioração geral, febre, aumento dos gânglios linfáticos, ganho ou perda de peso, infecção viral."", ""IDENTIFICAÇÃO DO MEDICAMENTO  \n \nRivotril® \nclonazepam  \n \nAnticonvulsivante/Ansiolítico \n \nAPRESENTAÇÕES \n \nComprimidos de 0,5 mg ou 2 mg. Caixa com 20 ou 30 comprimidos.  \n \nVIA ORAL \n \nUSO ADULTO E PEDIÁTRICO  \n \n \nCOMPOSIÇÃO \nComprimidos de 0,5 mg \nPrincípio ativo: clonazepam...............................................................................................................................0,5 mg. \nExcipientes: lactose, amido de milho, amido pré-gelatinizado, óxido de ferro amarelo, óxido férrico, talco, estearato \nde magnésio. \n \nComprimidos de 2,0 mg \nPrincípio ativo: clonazepam...............................................................................................................................2,0 mg. \nExcipientes: lactose, amido pré-gelatinizado, estearato de magnésio, celulose  microcristalina. \n \nINFORMAÇÕES AO PACIENTE \nLeia com atenção as informações a seguir. Se tiver dúvidas, informe seu  médico. \n \n1."", ""IDENTIFICAÇÃO DO MEDICAMENTO** \n\n## **Rivotril[®]** \n\nclonazepam \n\n**Anticonvulsivante/Ansiolítico** \n\n**APRESENTAÇÕES** \n\n**Comprimidos de 0,5 mg ou 2 mg. Caixa com 20 ou 30 comprimidos.** \n\n**VIA ORAL** \n\n## **USO ADULTO E PEDIÁTRICO** \n\n## **COMPOSIÇÃO** \n\n## **Comprimidos de 0,5 mg** \n\n**Princípio ativo:** clonazepam...............................................................................................................................0,5 mg. **Excipientes:** lactose, amido de milho, amido pré-gelatinizado, óxido de ferro amarelo, óxido férrico, talco, estearato de magnésio. \n\n## **Comprimidos de 2,0 mg** \n\n**Princípio ativo:** clonazepam...............................................................................................................................2,0 mg. **Excipientes:** lactose, amido pré-gelatinizado, estearato de magnésio, celulose  microcristalina. \n\n## **INFORMAÇÕES AO PACIENTE** \n\nLeia com atenção as informações a seguir. Se tiver dúvidas, informe seu  médico. \n\n## **"", ""IDENTIFICAÇÃO DO MEDICAMENTO** \n\n## **Rivotril[®]** \n\nclonazepam \n\n**Anticonvulsivante/Ansiolítico** \n\n**APRESENTAÇÕES** \n\n**Comprimidos de 0,5 mg ou 2 mg. Caixa com 20 ou 30 comprimidos.** \n\n**VIA ORAL** \n\n## **USO ADULTO E PEDIÁTRICO** \n\n## **COMPOSIÇÃO** \n\n## **Comprimidos de 0,5 mg** \n\n**Princípio ativo:** clonazepam...............................................................................................................................0,5 mg. **Excipientes:** lactose, amido de milho, amido pré-gelatinizado, óxido de ferro amarelo, óxido férrico, talco, estearato de magnésio. \n\n## **Comprimidos de 2,0 mg** \n\n**Princípio ativo:** clonazepam...............................................................................................................................2,0 mg. **Excipientes:** lactose, amido pré-gelatinizado, estearato de magnésio, celulose  microcristalina. \n\n## **INFORMAÇÕES AO PACIENTE** \n\nLeia com atenção as informações a seguir. Se tiver dúvidas, informe seu  médico. \n\n## **"", ""IDENTIFICAÇÃO DO MEDICAMENTO  \n \nRivotril® \nclonazepam  \n \nAnticonvulsivante/Ansiolítico \n \nAPRESENTAÇÕES \nSolução oral de 2,5 mg/mL. Frasco com 20 mL.  \n \nVIA ORAL \n \nUSO ADULTO E PEDIÁTRICO  \n \n \nCOMPOSIÇÃO \nSolução oral de 2,5 mg/mL (1 gota = 0,1 mg)  \nPrincípio ativo: clonazepam.........................................................................................................................2,5 mg/mL \nExcipientes: sacarina sódica, ácido acético, propilenoglicol, essência de pêssego. Cada 1 mL de Rivotril® solução \noral equivale a cerca de 25 gotas. \n \nINFORMAÇÕES AO PACIENTE \nLeia com atenção as informações a seguir. Se tiver dúvidas, informe seu  médico. \n \n1.""]",37.182,85.568
