pipeline,modelo,nome_remedio,pergunta,dificuldade,resposta_esperada,secoes_esperadas,resposta_gerada,resposta_crua,secoes_recuperadas,chunk_ids_recuperados,textos_recuperados,tempo_recuperacao_segundos,tempo_inferencia_segundos
agentic_rag,ollama:gemma4:e4b,AMOXIL,Para que serve o Amoxil?,facil,Amoxil é um antibiótico indicado para o tratamento de infecções bacterianas causadas por germes sensíveis à ação da amoxicilina.,PARA QUE ESTE MEDICAMENTO É INDICADO?,"De acordo com a bula do medicamento AMOXIL, consta a seguinte informação: Amoxil®, antibiótico eficaz contra grande variedade de bactérias, é indicado para tratamento de infecções bacterianas causadas por germes sensíveis à ação da amoxicilina. Entretanto, seu médico pode receitar este medicamento para outro uso.

---
*Esta resposta se baseia apenas nos trechos da bula recuperados e não substitui orientação médica ou farmacêutica.*","De acordo com a bula do medicamento AMOXIL, consta a seguinte informação: Amoxil®, antibiótico eficaz contra grande variedade de bactérias, é indicado para tratamento de infecções bacterianas causadas por germes sensíveis à ação da amoxicilina. Entretanto, seu médico pode receitar este medicamento para outro uso.",PARA QUE ESTE MEDICAMENTO É INDICADO?,,"[""1. PARA QUE ESTE MEDICAMENTO É INDICADO? Amoxil®, antibiótico eficaz contra grande variedade de bactérias, é indicado para tratamento de infecções bacterianas causadas por germes sensíveis à ação da amoxicilina. Entretanto, seu médico pode receitar este medicamento para outro uso. Se desejar mais informações, pergunte ao seu médico."", ""IDENTIFICAÇÃO DO MEDICAMENTO Amoxil amoxicilina APRESENTAÇÕES Cápsulas de 500 mg em embalagem com 15, 21 ou 30 unidades. USO ORAL USO ADULTO E PEDIÁTRICO (ACIMA DE 40 KG) COMPOSIÇÃO Cada cápsula contém: amoxicilina ................................................................................................................................................................ 500 mg (equivalentes a 575 mg de amoxicilina tri-hidratada) Excipiente1 q.s.p. .................................................................................................................................................... 1 cápsula 1Excipiente: estearato de magnésio. Composição da cápsula: gelatina, vermelho de eritrosina, azul de indigotina, dióxido de titânio, óxido de ferro amarelo . II) INFORMAÇÕES AO PACIENTE""]",19.89,2.804
agentic_rag,ollama:gemma4:e4b,AMOXIL,Quando não devo usar Amoxil?,facil,"Amoxil não deve ser usado por pessoas alérgicas à amoxicilina, a outros antibióticos penicilínicos ou a antibióticos similares chamados cefalosporinas. Se o paciente já teve reação alérgica, como erupções na pele, ao tomar antibiótico, deve conversar com o médico antes de usar Amoxil.",QUANDO NÃO DEVO USAR ESTE MEDICAMENTO?,"De acordo com a bula do medicamento AMOXIL, consta a seguinte informação: Este medicamento não pode ser administrado nem ingerido por pessoas alérgicas à amoxicilina, a outros antibióticos penicilínicos ou antibióticos similares, chamados cefalosporinas. Se você já teve uma reação alérgica (como erupções da pele) ao tomar um antibiótico, deve conversar com seu médico antes de usar Amoxil®.

---
*Esta resposta se baseia apenas nos trechos da bula recuperados e não substitui orientação médica ou farmacêutica.*","De acordo com a bula do medicamento AMOXIL, consta a seguinte informação: Este medicamento não pode ser administrado nem ingerido por pessoas alérgicas à amoxicilina, a outros antibióticos penicilínicos ou antibióticos similares, chamados cefalosporinas. Se você já teve uma reação alérgica (como erupções da pele) ao tomar um antibiótico, deve conversar com seu médico antes de usar Amoxil®.",QUANDO NÃO DEVO USAR ESTE MEDICAMENTO?,,"[""3. QUANDO NÃO DEVO USAR ESTE MEDICAMENTO? Este medicamento não pode ser administrado nem ingerido por pessoas alérgicas à amoxicilina, a outros antibióticos penicilínicos ou antibióticos similares, chamados cefalosporinas. Se você já teve uma reação alérgica (como erupções da pele) ao tomar um antibiótico, deve conversar com seu médico antes de usar Amoxil®."", ""IDENTIFICAÇÃO DO MEDICAMENTO Amoxil amoxicilina APRESENTAÇÕES Cápsulas de 500 mg em embalagem com 15, 21 ou 30 unidades. USO ORAL USO ADULTO E PEDIÁTRICO (ACIMA DE 40 KG) COMPOSIÇÃO Cada cápsula contém: amoxicilina ................................................................................................................................................................ 500 mg (equivalentes a 575 mg de amoxicilina tri-hidratada) Excipiente1 q.s.p. .................................................................................................................................................... 1 cápsula 1Excipiente: estearato de magnésio. Composição da cápsula: gelatina, vermelho de eritrosina, azul de indigotina, dióxido de titânio, óxido de ferro amarelo . II) INFORMAÇÕES AO PACIENTE""]",15.999,3.515
agentic_rag,ollama:gemma4:e4b,AMOXIL,"Na apresentação cápsulas, qual é a dose padrão de Amoxil para adultos e crianças acima de 40 kg?",facil,"Na apresentação cápsulas, para adultos e crianças acima de 40 kg, a dose padrão é 500 mg, equivalente a uma cápsula, três vezes ao dia, de 8 em 8 horas, nas infecções mais graves.",COMO DEVO USAR ESTE MEDICAMENTO?,"De acordo com a bula do medicamento AMOXIL, consta a seguinte informação: Para adultos e crianças acima de 40 kg, a dose padrão é de 500 mg (uma cápsula) três vezes ao dia (de 8 em 8 horas) nas infecções mais graves.

---
*Esta resposta se baseia apenas nos trechos da bula recuperados e não substitui orientação médica ou farmacêutica.*","De acordo com a bula do medicamento AMOXIL, consta a seguinte informação: Para adultos e crianças acima de 40 kg, a dose padrão é de 500 mg (uma cápsula) três vezes ao dia (de 8 em 8 horas) nas infecções mais graves.",COMO DEVO USAR ESTE MEDICAMENTO?,,"[""Modelo de Texto de Bula – Pacientes Amoxil® Cápsulas 4 Pacientes que recebem diálise peritoneal Usa-se a mesma posologia indicada para pacientes com insuficiência renal grave. A diálise peritoneal (processo de limpeza das substâncias tóxicas do organismo através do peritônio, membrana que envolve o abdômen) não remove a amoxicilina do corpo. Pacientes que recebem hemodiálise Usa-se a mesma posologia indicada para pacientes com insuficiência renal grave. A amoxicilina é removida do sangue por hemodiálise (processo que substitui os rins na filtragem sanguínea). Portanto, uma dose adicional (500 mg para adultos e crianças acima de 40kg ou 15 mg/kg para crianças abaixo de 40 kg) pode ser administrada durante e no final de cada diálise. Seu médico poderá indicar tratamento por via parenteral (feito com aplicação de injeções intravenosas, intramusculares ou subcutâneas) nos casos em que a via oral for considerada inadequada (particularmente nos tratamentos urgentes de infecções graves). Conforme o grau de insuficiência renal, talvez seu médico ache necessário reduzir a dose diária total. Siga a orientação de seu médico, respeitando sempre os horários, as doses e a duração do tratamento. Não interrompa o tratamento sem o conhecimento de seu médico. Este medicamento não deve ser partido ou mastigado."", ""6. COMO DEVO USAR ESTE MEDICAMENTO? Modo de usar Siga as orientações de seu médico sobre a maneira e a hora correta de tomar o medicamento. Ele vai decidir a quantidade diária que você precisa e o tempo durante o qual você deve usar este medicamento. Leia esta bula com cautela. Se você tiver alguma dúvida, fale com seu médico. Recomenda-se ingerir o medicamento nas refeições, embora ele continue eficaz mesmo que você o tome em outros horários. Continue tomando este medicamento até o fim do tratamento prescrito pelo médico. Não pare somente porque se sente melhor. As cápsulas devem ser ingeridas inteiras com água. Não as mastigue. Posologia Atenção! Para algumas doses indicadas abaixo (doses inferiores a 500 mg) é necessário o uso da suspensão oral, converse com seu médico ou farmacêutico em caso de dúvida. Dose para adultos e crianças acima de 40 kg - Dose padrão: 500 mg (uma cápsula) três vezes ao dia (de 8 em 8 horas) nas infecções mais graves. - Tratamento com dosagem alta (máximo recomendável de 6 g ao dia em doses divididas) : recomenda-se uma dose de 3 g (seis cápsulas) duas vezes ao dia (de 12 em 12 horas) em casos que requerem tratamento de infecção respiratória purulenta (com a presença de pus) grave ou recorrente. - Tratamento de curta duração (gonorreia): dose única de 3 g. Erradicação de Helicobacter pylori: para combater o Helicobacter (bactéria que ataca o estômago e o duodeno), recomenda-se o uso de Amoxil® no esquema de 1 g duas vezes ao dia (de 12 em 12 horas), em associação com um medicamento conhecido como inibidor da bomba de prótons (exemplo: omeprazol"", ""3 g. Erradicação de Helicobacter pylori: para combater o Helicobacter (bactéria que ataca o estômago e o duodeno), recomenda-se o uso de Amoxil® no esquema de 1 g duas vezes ao dia (de 12 em 12 horas), em associação com um medicamento conhecido como inibidor da bomba de prótons (exemplo: omeprazol , lanzoprazol ) e outro agente antimicrobiano (por exemplo claritromicina, metronidazol), por 7 dias. Pacientes com insuficiência renal (dos rins) Na insuficiência renal, a eliminação do antibiótico é mais lenta. Conforme o grau dessa condição, seu médico pode indicar a redução da dose diária total de acordo com o esquema descrito a seguir. Adultos e crianças acima de 40 kg - insuficiência leve: nenhuma alteração de dose; - insuficiência moderada: máximo de 500 mg (uma cápsula) duas vezes ao dia (de 12 em 12 horas); - insuficiência grave: máximo de 500 mg (uma cápsula) ao dia."", ""IDENTIFICAÇÃO DO MEDICAMENTO Amoxil amoxicilina APRESENTAÇÕES Cápsulas de 500 mg em embalagem com 15, 21 ou 30 unidades. USO ORAL USO ADULTO E PEDIÁTRICO (ACIMA DE 40 KG) COMPOSIÇÃO Cada cápsula contém: amoxicilina ................................................................................................................................................................ 500 mg (equivalentes a 575 mg de amoxicilina tri-hidratada) Excipiente1 q.s.p. .................................................................................................................................................... 1 cápsula 1Excipiente: estearato de magnésio. Composição da cápsula: gelatina, vermelho de eritrosina, azul de indigotina, dióxido de titânio, óxido de ferro amarelo . II) INFORMAÇÕES AO PACIENTE""]",17.753,3.614
agentic_rag,ollama:gemma4:e4b,AMOXIL,Amoxil pode causar diarreia?,facil,"Sim. Diarreia é uma reação comum, ocorrendo entre 1% e 10% dos pacientes que utilizam Amoxil.",QUAIS OS MALES QUE ESTE MEDICAMENTO PODE ME CAUSAR?,"De acordo com a bula do medicamento AMOXIL, consta a seguinte informação: Sim, diarreia é um efeito colateral que pode ser causado pelo uso deste medicamento. É listada como uma reação comum (ocorrendo entre 1% e 10% dos pacientes), sendo descrita como ""várias evacuações amolecidas por dia"" e geralmente tendo sintomas leves. Além disso, o contexto menciona a possibilidade de Colite associada a antibióticos, que é caracterizada como inflamação no cólon (intestino grosso) causando diarreia grave, que pode conter sangue e ser acompanhada de cólicas abdominais. A diarreia também é citada entre as reações mais comuns em caso de superdosagem do medicamento.

---
*Esta resposta se baseia apenas nos trechos da bula recuperados e não substitui orientação médica ou farmacêutica.*","De acordo com a bula do medicamento AMOXIL, consta a seguinte informação: Sim, diarreia é um efeito colateral que pode ser causado pelo uso deste medicamento. É listada como uma reação comum (ocorrendo entre 1% e 10% dos pacientes), sendo descrita como ""várias evacuações amolecidas por dia"" e geralmente tendo sintomas leves. Além disso, o contexto menciona a possibilidade de Colite associada a antibióticos, que é caracterizada como inflamação no cólon (intestino grosso) causando diarreia grave, que pode conter sangue e ser acompanhada de cólicas abdominais. A diarreia também é citada entre as reações mais comuns em caso de superdosagem do medicamento.",QUAIS OS MALES QUE ESTE MEDICAMENTO PODE ME CAUSAR?,,"[""hemolítica), que pode resultar em cansaço, dores de cabeça e falta de ar causada pela prática de exercícios físicos, vertigem, palidez e amarelamento da pele e/ou dos olhos; - Sinais repentinos de alergia, como erupções da pele, prurido (coceira) ou urticária, inchaço da face, dos lábios, da língua ou de outras partes do corpo, falta de ar, respiração ofegante ou problemas para respirar; se esses sintomas ocorrerem, pare de usar Amoxil® e procure socorro médico o mais rápido possível;"", ""8. QUAIS OS MALES QUE ESTE MEDICAMENTO PODE ME CAUSAR? Avise seu médico o mais cedo possível se você não se sentir bem durante o tratamento com Amoxil®. Assim como todo medicamento, Amoxil® pode provocar reações adversas, porém isso não ocorre com todas as pessoas. Os efeitos colaterais deste medicamento geralmente são leves. Reações comuns (ocorrem entre 1% e 10% dos pacientes que utilizam este medicamento): - Diarreia (várias evacuações amolecidas por dia) e enjoo; quando isso acontece, os sintomas normalmente são leves e com frequência podem ser evitados tomando -se o medicamento no início das refeições. Se continuarem ou se tornarem graves, consulte o médico. - Erupções da pele. Reações incomuns (ocorrem entre 0,1% e 1% dos pacientes que utilizam este medicamento): - Vômito, urticária e coceira. Reações muito raras (ocorrem em menos de 0,01% dos pacientes que utilizam este medicamento): - Diminuição de glóbulos brancos (leucopenia reversível), que pode resultar em infecções frequentes, como febre, calafrios, inflamação da garganta ou úlceras na boca; - Baixa contagem de plaquetas (trombocitopenia reversível), que pode resultar em sangramento ou hematomas (manchas roxas) que surgem com mais facilidade que o normal; - Destruição de glóbulos vermelhos e consequentemente anemia (anemia hemolítica), que pode resultar em cansaço, dores de cabeça e falta de ar causada pela prática de exercícios físicos, vertigem, palidez e amarelamento da pele e/ou dos olhos; - Sinais repentinos de alergia, como erupções da pele, prurido (coceira) ou urticária, inchaço da face, dos lábios, da"", ""Modelo de Texto de Bula – Pacientes Amoxil® Cápsulas 5 - Dor no peito, que pode ser um sinal de uma reação alérgica potencialmente grave chamada síndrome de Kounis; - Vômitos repetitivos (1 a 4 horas após a administração de Amoxil®), dores no estômago, sonolência anormal, diarreia e pressão baixa, que podem ser um sinal de uma reação alérgica grave denominada síndrome de enterocolite induzida por medicamentos; - Convulsões (ataques) podem ocorrer em pacientes com função renal prejudicada ou que estejam recebendo doses altas do medicamento; - Hipercinesia (presença de movimentos exacerbados e incontrolados), tontura ; - Candidíase mucocutânea, infecção micótica (causada por fungos) que normalmente afeta as partes íntimas ou a boca; na área genital, pode provocar coceira e queimação (com a presença de uma fina camada de secreção branca), e na boca ou na língua podem surgir pintas brancas dolorosas; - Colite associada a antibióticos (inflamação no cólon (intestino grosso), causando diarreia grave, que também pode conter sangue e ser acompanhada de cólicas abdominais; - Sua língua pode mudar de cor, ficando amarela, marrom ou preta, e dar a impressão de ter pelos (língua pilosa negra) ; - Inflamação da membrana que reveste o cérebro (meningite asséptica); - Erupção cutânea com bolhas dispostas em círculo com crosta central ou como um colar de pérolas (doença IgA linear) ; - Efeitos relacionados ao fígado; esses sintomas podem manifestar -se como enjoo, vômito, perda de apetite, sensação geral de mal -estar, febre, coceira, amarelamento da pele e dos olhos e escurecimento da"", ""Modelo de Texto de Bula – Pacientes Amoxil® Cápsulas 6 Importado e Registrado por: GlaxoSmithKline Brasil Ltda. Estrada dos Bandeirantes, 8464 - Rio de Janeiro - RJ CNPJ: 33.247.743/0001-10 VENDA SOB PRESCRIÇÃO COM RETENÇÃO DA RECEITA L1991_amoxil_cap_gel_dura_GDS35_IPI16"", ""dispostas em círculo com crosta central ou como um colar de pérolas (doença IgA linear) ; - Efeitos relacionados ao fígado; esses sintomas podem manifestar -se como enjoo, vômito, perda de apetite, sensação geral de mal -estar, febre, coceira, amarelamento da pele e dos olhos e escurecimento da urina e aumento de algumas substâncias (enzimas) produzidas pelo fígado; - Reações cutâneas graves: erupção cutânea (eritema multiforme), que pode formar bolhas (com pequenas manchas escuras centrais rodeadas por uma área pálida, com um anel escuro ao redor da borda); erupção cutânea generalizada com bolhas e descamação da pele na maior parte da superfície corporal (necrólise epidérmica tóxica); erupções na pele com bolhas e descamação, especialmente ao redor da boca, nariz, olhos e genitais (síndrome de Stevens -Johnson); erupções na pele com bolhas contendo pus (dermatite esfoliativa bolhosa); erupções escamosas na pele, com bolhas e inchaços sob a pele (exantema pustuloso); - Doença renal (problemas para urinar, possivelmente com dor e presença de sangue ou cristais na urina ); - Sintomas semelhantes aos da gripe com erupção cutânea, febre, glândulas inchadas e resultados anormais de exames de sangue (incluindo o aumento dos glóbulos brancos (eosinofilia) e enzimas hepáticas) (Reação do medicamento com eosinofilia e sintomas sistêmicos (DRESS)); - uma erupção cutânea vermelha comumente observada em ambos os lados das nádegas, parte interna superior das coxas, axilas, pescoço (Exantema Intertriginoso e Flexural Simétrico Relacionado a Medicamentos (SDRIFE)). Se qualquer"", ""(Reação do medicamento com eosinofilia e sintomas sistêmicos (DRESS)); - uma erupção cutânea vermelha comumente observada em ambos os lados das nádegas, parte interna superior das coxas, axilas, pescoço (Exantema Intertriginoso e Flexural Simétrico Relacionado a Medicamentos (SDRIFE)). Se qualquer desconforto incomum se manifestar enquanto você estiver tomando o medicamento, informe seu médico o mais breve possível. Informe ao seu médico, cirurgião -dentista ou farmacêutico o aparecimento de reações indesejáveis pelo uso do medicamento. Informe também à empresa através do seu serviço de atendimento. 9. O QUE FAZER SE ALGUÉM USAR UMA QUANTIDADE MAIOR QUE A INDICADA DESTE MEDICAMENTO? É pouco provável que ocorram problemas graves em caso de superdosagem de amoxicilina. As reações mais comuns são enjoo, vômito e diarreia. Procure seu médico para que os sintomas sejam tratados. Em caso de uso de grande quantidade deste medicamento, procure rapidamente socorro médico e leve a embalagem ou bula do medicamento se possível. Ligue para 0800 722 6001, se você precisar de mais orientações. III) DIZERES LEGAIS Registro: 1.0107.0003 Produzido por: Glaxo Wellcome Production Zone Industrielle de la Peyennière, 53100, Mayenne – França."", ""IDENTIFICAÇÃO DO MEDICAMENTO Amoxil amoxicilina APRESENTAÇÕES Cápsulas de 500 mg em embalagem com 15, 21 ou 30 unidades. USO ORAL USO ADULTO E PEDIÁTRICO (ACIMA DE 40 KG) COMPOSIÇÃO Cada cápsula contém: amoxicilina ................................................................................................................................................................ 500 mg (equivalentes a 575 mg de amoxicilina tri-hidratada) Excipiente1 q.s.p. .................................................................................................................................................... 1 cápsula 1Excipiente: estearato de magnésio. Composição da cápsula: gelatina, vermelho de eritrosina, azul de indigotina, dióxido de titânio, óxido de ferro amarelo . II) INFORMAÇÕES AO PACIENTE""]",16.117,18.921
agentic_rag,ollama:gemma4:e4b,AMOXIL,Como devo guardar as cápsulas de Amoxil?,facil,"As cápsulas de Amoxil devem ser conservadas na embalagem original, protegidas da umidade e em temperatura ambiente, entre 15 °C e 30 °C. Todo medicamento deve ser mantido fora do alcance das crianças.","ONDE, COMO E POR QUANTO TEMPO POSSO GUARDAR ESTE MEDICAMENTO?","De acordo com a bula do medicamento AMOXIL, consta a seguinte informação: As cápsulas devem ser conservadas na embalagem original, protegidas da umidade e em temperatura ambiente (entre 15 oC e 30oC). É importante manter o medicamento fora do alcance de crianças.

---
*Esta resposta se baseia apenas nos trechos da bula recuperados e não substitui orientação médica ou farmacêutica.*","De acordo com a bula do medicamento AMOXIL, consta a seguinte informação: As cápsulas devem ser conservadas na embalagem original, protegidas da umidade e em temperatura ambiente (entre 15 oC e 30oC). É importante manter o medicamento fora do alcance de crianças.","ONDE, COMO E POR QUANTO TEMPO POSSO GUARDAR ESTE MEDICAMENTO?",,"[""5. ONDE, COMO E POR QUANTO TEMPO POSSO GUARDAR ESTE MEDICAMENTO? Cuidados de armazenamento \n Modelo de Texto de Bula – Pacientes Amoxil® Cápsulas 3 Manter fora do alcance de crianças Conservar as cápsulas na embalagem original, protegido da umidade e em temperatura ambiente (entre 15 oC e 30oC). Número de lote e datas de fabricação e validade: vide embalagem. Não use medicamento com o prazo de validade vencido. Guarde-o em sua embalagem original. Aspecto físico/características organolépticas Cápsulas de 500 mg de duas cores (corpo amarelo opaco e tampa vermelho opaco) impressa com GS JVL e contendo um pó branco a quase branco. Antes de usar, observe o aspecto do medicamento. Caso ele esteja no prazo de validade e você observe alguma mudança no aspecto, consulte o farmacêutico para saber se poderá utilizá -lo. Todo medicamento deve ser mantido fora do alcance das crianças."", ""IDENTIFICAÇÃO DO MEDICAMENTO Amoxil amoxicilina APRESENTAÇÕES Cápsulas de 500 mg em embalagem com 15, 21 ou 30 unidades. USO ORAL USO ADULTO E PEDIÁTRICO (ACIMA DE 40 KG) COMPOSIÇÃO Cada cápsula contém: amoxicilina ................................................................................................................................................................ 500 mg (equivalentes a 575 mg de amoxicilina tri-hidratada) Excipiente1 q.s.p. .................................................................................................................................................... 1 cápsula 1Excipiente: estearato de magnésio. Composição da cápsula: gelatina, vermelho de eritrosina, azul de indigotina, dióxido de titânio, óxido de ferro amarelo . II) INFORMAÇÕES AO PACIENTE""]",15.081,2.932
agentic_rag,ollama:gemma4:e4b,RIVOTRIL,Para que serve o Rivotril?,facil,"Rivotril é indicado para tratar crises epilépticas e espasmos infantis, também chamados síndrome de West. Em adultos, também é indicado para transtornos de ansiedade, transtornos do humor, síndromes psicóticas, síndrome das pernas inquietas, vertigem e distúrbios do equilíbrio e síndrome da boca ardente.",PARA QUE ESTE MEDICAMENTO É INDICADO?,"De acordo com a bula do medicamento RIVOTRIL, consta a seguinte informação: Rivotril® é indicado para tratar crises epilépticas e espasmos infantis (síndrome de West) em adultos e pediátricos. Em adultos, também é indicado para o tratamento de Transtornos de ansiedade (como ansiolítico geral, distúrbio do pânico com ou sem medo de espaços abertos e fobia social), Transtornos do humor (Transtorno afetivo bipolar – fases de depressão e mania: tratamento da mania; e Depressão maior: associado à antidepressivos na depressão ansiosa e início do tratamento), Síndromes psicóticas (Acatisia e Síndrome das pernas inquietas) e Vertigem e distúrbios do equilíbrio (náuseas, vômitos, desmaios, quedas, zumbidos e distúrbios auditivos), além de Síndrome da boca ardente.

---
*Esta resposta se baseia apenas nos trechos da bula recuperados e não substitui orientação médica ou farmacêutica.*","De acordo com a bula do medicamento RIVOTRIL, consta a seguinte informação: Rivotril® é indicado para tratar crises epilépticas e espasmos infantis (síndrome de West) em adultos e pediátricos. Em adultos, também é indicado para o tratamento de Transtornos de ansiedade (como ansiolítico geral, distúrbio do pânico com ou sem medo de espaços abertos e fobia social), Transtornos do humor (Transtorno afetivo bipolar – fases de depressão e mania: tratamento da mania; e Depressão maior: associado à antidepressivos na depressão ansiosa e início do tratamento), Síndromes psicóticas (Acatisia e Síndrome das pernas inquietas) e Vertigem e distúrbios do equilíbrio (náuseas, vômitos, desmaios, quedas, zumbidos e distúrbios auditivos), além de Síndrome da boca ardente.",PARA QUE ESTE MEDICAMENTO É INDICADO?,,"[""1. PARA QUE ESTE MEDICAMENTO É INDICADO? Adulto e pediátrico Distúrbio epiléptico Rivotril® é indicado para tratar crises epilépticas e espasmos infantis (síndrome de West). Adulto Rivotril® também é indicado para: Transtornos de ansiedade  Como ansiolítico em geral.  Distúrbio do pânico com ou sem medo de espaços abertos.  Fobia social (medo de situações como falar em público). Transtornos do humor  Transtorno afetivo bipolar (fases de depressão e mania): tratamento da mania.  Depressão maior: associado à antidepressivos na depressão ansiosa e início do tratamento. Síndromes psicóticas  Acatisia (inquietação extrema, geralmente provocada por medicamentos psiquiátricos). Síndrome das pernas inquietas (des conforto ou dor nas pernas que le va à necessidade de movimentá-las, prejudicando o sono). Vertigem e distúrbios do equilíbrio: náuseas, vômitos, desmaios, quedas, zumbidos e distúrbios auditivos. Síndrome da boca ardente (sensação de queimação na parte interna da boca, sem alterações físicas)."", ""IDENTIFICAÇÃO DO MEDICAMENTO Rivotril® clonazepam Anticonvulsivante/Ansiolítico APRESENTAÇÕES Comprimidos de 0,5 mg ou 2 mg. Caixa com 20 ou 30 comprimidos. VIA ORAL USO ADULTO E PEDIÁTRICO COMPOSIÇÃO Comprimidos de 0,5 mg Princípio ativo: clonazepam...............................................................................................................................0,5 mg. Excipientes: lactose, amido de milho, amido pré-gelatinizado, óxido de ferro amarelo, óxido férrico, talco, estearato de magnésio. Comprimidos de 2,0 mg Princípio ativo: clonazepam...............................................................................................................................2,0 mg. Excipientes: lactose, amido pré-gelatinizado, estearato de magnésio, celulose microcristalina. INFORMAÇÕES AO PACIENTE Leia com atenção as informações a seguir. Se tiver dúvidas, informe seu médico.""]",16.446,6.768
