pipeline,modelo,nome_remedio,nivel,pergunta,dificuldade,resposta_esperada,secoes_esperadas,resposta_gerada,resposta_crua,secoes_recuperadas,chunk_ids_recuperados,textos_recuperados,tempo_recuperacao_segundos,tempo_inferencia_segundos
fusion_rag,ollama:medgemma:4b,AMOXIL,medio,Como deve ser ajustada a dose de Amoxil suspensão oral para uma criança de 30 kg com insuficiência renal moderada?,medio,"Para crianças abaixo de 40 kg com insuficiência renal moderada, a bula orienta 15 mg/kg duas vezes ao dia, de 12 em 12 horas, respeitando o máximo de 500 mg duas vezes ao dia. Para uma criança de 30 kg, isso corresponde a 450 mg por dose, duas vezes ao dia.",COMO DEVO USAR ESTE MEDICAMENTO?,"De acordo com a bula do medicamento AMOXIL, consta a seguinte informação: Para pacientes com insuficiência renal (dos rins), a eliminação do antibiótico é mais lenta. Conforme o grau dessa condição, seu médico pode indicar a redução da dose diária total de acordo com o esquema descrito a seguir.
Adultos e crianças acima de 40 kg
- Insuficiência leve: nenhuma alteração de dose;
- Insuficiência moderada: máximo de 500 mg (uma cápsula) duas vezes ao dia (de 12 em 12 horas);
- Insuficiência grave: máximo de 500 mg (uma cápsula) ao dia.

---
*Esta resposta se baseia apenas nos trechos da bula recuperados e não substitui orientação médica ou farmacêutica. É recomendável consultar um profissional de saúde para orientação individualizada.*","De acordo com a bula do medicamento AMOXIL, consta a seguinte informação: Para pacientes com insuficiência renal (dos rins), a eliminação do antibiótico é mais lenta. Conforme o grau dessa condição, seu médico pode indicar a redução da dose diária total de acordo com o esquema descrito a seguir.
Adultos e crianças acima de 40 kg
- Insuficiência leve: nenhuma alteração de dose;
- Insuficiência moderada: máximo de 500 mg (uma cápsula) duas vezes ao dia (de 12 em 12 horas);
- Insuficiência grave: máximo de 500 mg (uma cápsula) ao dia.","O QUE DEVO FAZER QUANDO EU ME ESQUECER DE USAR ESTE MEDICAMENTO?, COMO DEVO USAR ESTE MEDICAMENTO?",,"[""## **- Tratamento de curta duração (gonorreia): dose única de 3 g.** \n\n**Erradicação de** _**Helicobacter pylori:**_ para combater o _Helicobacter_ (bactéria que ataca o estômago e o duodeno), recomenda-se o uso de Amoxil[®] no esquema de 1 g duas vezes ao dia (de 12 em 12 horas), em associação com um medicamento conhecido como inibidor da bomba de prótons (exemplo: omeprazol, lanzoprazol) e outro agente antimicrobiano (por exemplo claritromicina, metronidazol), por 7 dias. \n\n## **Pacientes com insuficiência renal (dos rins)** \n\nNa insuficiência renal, a eliminação do antibiótico é mais lenta. Conforme o grau dessa condição, seu médico pode indicar a redução da dose diária total de acordo com o esquema descrito a seguir. \n\nAdultos e crianças acima de 40 kg \n\n- insuficiência leve: nenhuma alteração de dose; \n\n- insuficiência moderada: máximo de 500 mg (uma cápsula) duas vezes ao dia (de 12 em 12 horas); \n\n- insuficiência grave: máximo de 500 mg (uma cápsula) ao dia. \n\n3 \n\n**==> picture [87 x 28] intentionally omitted <==**\n\n## Modelo de Texto de Bula – Pacientes Amoxil[®] Cápsulas \n\n## **Pacientes que recebem diálise peritoneal** \n\nUsa-se a mesma posologia indicada para pacientes com insuficiência renal grave. A diálise peritoneal (processo de limpeza das substâncias tóxicas do organismo através do peritônio, membrana que envolve o abdômen) não remove a amoxicilina do corpo. \n\n## **Pacientes que recebem hemodiálise** \n\nUsa-se a mesma posologia indicada para pacientes com insuficiência renal grave."", ""## **Pacientes que recebem hemodiálise** \n\nUsa-se a mesma posologia indicada para pacientes com insuficiência renal grave. \n\nA amoxicilina é removida do sangue por hemodiálise (processo que substitui os rins na filtragem sanguínea). Portanto, uma dose adicional (500 mg para adultos e crianças acima de 40kg ou 15 mg/kg para crianças abaixo de 40 kg) pode ser administrada durante e no final de cada diálise. \n\nSeu médico poderá indicar tratamento por via parenteral (feito com aplicação de injeções intravenosas, intramusculares ou subcutâneas) nos casos em que a via oral for considerada inadequada (particularmente nos tratamentos urgentes de infecções graves). \n\nConforme o grau de insuficiência renal, talvez seu médico ache necessário reduzir a dose diária total. \n\n**Siga a orientação de seu médico, respeitando sempre os horários, as doses e a duração do tratamento. Não interrompa o tratamento sem o conhecimento de seu médico. Este medicamento não deve ser partido ou mastigado.** \n\n## **"", ""6. COMO DEVO USAR ESTE MEDICAMENTO?** \n\n## **Modo de usar** \n\nSiga as orientações de seu médico sobre a maneira e a hora correta de tomar o medicamento. Ele vai decidir a quantidade diária que você precisa e o tempo durante o qual você deve usar este medicamento. Leia esta bula com cautela. Se você tiver alguma dúvida, fale com seu médico. \n\nRecomenda-se ingerir o medicamento nas refeições, embora ele continue eficaz mesmo que você o tome em outros horários. \n\nContinue tomando este medicamento até o fim do tratamento prescrito pelo médico. Não pare somente porque se sente melhor. \n\n**As cápsulas devem ser ingeridas inteiras com água. Não as mastigue.** \n\n## **Posologia** \n\nAtenção! Para algumas doses indicadas abaixo (doses inferiores a 500 mg) é necessário o uso da suspensão oral, converse com seu médico ou farmacêutico em caso de dúvida. \n\n## **Dose para adultos e crianças acima de 40 kg** \n\n- Dose padrão: 500 mg (uma cápsula) três vezes ao dia (de 8 em 8 horas) nas infecções mais graves. \n\n- Tratamento com dosagem alta (máximo recomendável de 6 g ao dia em doses divididas): recomenda-se uma dose de 3 g (seis cápsulas) duas vezes ao dia (de 12 em 12 horas) em casos que requerem tratamento de infecção respiratória purulenta (com a presença de pus) grave ou recorrente. \n\n## **- Tratamento de curta duração (gonorreia): dose única de 3 g.**"", ""7. O QUE DEVO FAZER QUANDO EU ME ESQUECER DE USAR ESTE MEDICAMENTO?** \n\nSe você esquecer uma dose, tome-a assim que se lembrar, mas continue com o horário normal das demais. Só não tome duas doses com intervalo igual ou menor que 1 hora. \n\n**Em caso de dúvidas, procure orientação do farmacêutico ou de seu médico, ou cirurgião-dentista.** \n\n## **""]",3.857,5.464
fusion_rag,ollama:medgemma:4b,AMOXIL,medio,Por que tomar Amoxil no início das refeições pode ser útil quando ocorrem enjoo ou diarreia durante o tratamento?,medio,"A bula informa que diarreia e enjoo são reações comuns e que, quando acontecem, normalmente são leves e frequentemente podem ser evitados tomando-se o medicamento no início das refeições. Ao mesmo tempo, a alimentação não interfere na ação de Amoxil, que pode ser ingerido nas refeições.",O QUE DEVO SABER ANTES DE USAR ESTE MEDICAMENTO? / QUAIS OS MALES QUE ESTE MEDICAMENTO PODE ME CAUSAR?,"De acordo com a bula do medicamento AMOXIL, consta a seguinte informação: ""Quando isso acontece, os sintomas normalmente são leves e com frequência podem ser evitados tomando-se o medicamento no início das refeições.""

---
*Esta resposta se baseia apenas nos trechos da bula recuperados e não substitui orientação médica ou farmacêutica.*","De acordo com a bula do medicamento AMOXIL, consta a seguinte informação: ""Quando isso acontece, os sintomas normalmente são leves e com frequência podem ser evitados tomando-se o medicamento no início das refeições.""","QUAIS OS MALES QUE ESTE MEDICAMENTO PODE ME CAUSAR?, COMO DEVO USAR ESTE MEDICAMENTO?",,"[""8. QUAIS OS MALES QUE ESTE MEDICAMENTO PODE ME CAUSAR?** \n\nAvise seu médico o mais cedo possível se você não se sentir bem durante o tratamento com **Amoxil[®]** . Assim como todo medicamento, **Amoxil[®]** pode provocar reações adversas, porém isso não ocorre com todas as pessoas. Os efeitos colaterais deste medicamento geralmente são leves. \n\n## **Reações comuns (ocorrem entre 1% e 10% dos pacientes que utilizam este medicamento):** \n\n- Diarreia (várias evacuações amolecidas por dia) e enjoo; quando isso acontece, os sintomas normalmente são leves e com frequência podem ser evitados tomando-se o medicamento no início das refeições. Se continuarem ou se tornarem graves, consulte o médico. \n\n- Erupções da pele. \n\n## **Reações incomuns (ocorrem entre 0,1% e 1% dos pacientes que utilizam este medicamento):** \n\n- Vômito, urticária e coceira. \n\n## **Reações muito raras (ocorrem em menos de 0,01% dos pacientes que utilizam este medicamento):** \n\n- Diminuição de glóbulos brancos (leucopenia reversível), que pode resultar em infecções frequentes, como febre, calafrios, inflamação da garganta ou úlceras na boca; \n\n- Baixa contagem de plaquetas (trombocitopenia reversível), que pode resultar em sangramento ou hematomas (manchas roxas) que surgem com mais facilidade que o normal; \n\n- Destruição de glóbulos vermelhos e consequentemente anemia (anemia hemolítica), que pode resultar em cansaço, dores de cabeça e falta de ar causada pela prática de exercícios físicos, vertigem, palidez e amarelamento da pele e/ou dos olhos;"", ""- Destruição de glóbulos vermelhos e consequentemente anemia (anemia hemolítica), que pode resultar em cansaço, dores de cabeça e falta de ar causada pela prática de exercícios físicos, vertigem, palidez e amarelamento da pele e/ou dos olhos; \n\n- Sinais repentinos de alergia, como erupções da pele, prurido (coceira) ou urticária, inchaço da face, dos lábios, da língua ou de outras partes do corpo, falta de ar, respiração ofegante ou problemas para respirar; se esses sintomas ocorrerem, pare de usar **Amoxil[®]** e procure socorro médico o mais rápido possível; \n\n4 \n\n**==> picture [87 x 28] intentionally omitted <==**\n\n## Modelo de Texto de Bula – Pacientes Amoxil[®] Cápsulas \n\n- Dor no peito, que pode ser um sinal de uma reação alérgica potencialmente grave chamada síndrome de Kounis; \n\n- Vômitos repetitivos (1 a 4 horas após a administração de **Amoxil[®]** ), dores no estômago, sonolência anormal, diarreia e pressão baixa, que podem ser um sinal de uma reação alérgica grave denominada síndrome de enterocolite induzida por medicamentos; \n\n- Convulsões (ataques) podem ocorrer em pacientes com função renal prejudicada ou que estejam recebendo doses altas do medicamento; \n\n- Hipercinesia (presença de movimentos exacerbados e incontrolados), tontura; \n\n- Candidíase mucocutânea, infecção micótica (causada por fungos) que normalmente afeta as partes íntimas ou a boca; na área genital, pode provocar coceira e queimação (com a presença de uma fina camada de secreção branca), e na boca ou na língua podem surgir pintas brancas dolorosas;"", ""**Informe ao seu médico, cirurgião-dentista ou farmacêutico o aparecimento de reações indesejáveis pelo uso do medicamento. Informe também à empresa através do seu serviço de atendimento.** \n\n## **9. O QUE FAZER SE ALGUÉM USAR UMA QUANTIDADE MAIOR QUE A INDICADA DESTE MEDICAMENTO?** \n\nÉ pouco provável que ocorram problemas graves em caso de superdosagem de amoxicilina. As reações mais comuns são enjoo, vômito e diarreia. Procure seu médico para que os sintomas sejam tratados. \n\n**Em caso de uso de grande quantidade deste medicamento, procure rapidamente socorro médico e leve a embalagem ou bula do medicamento se possível. Ligue para 0800 722 6001, se você precisar de mais orientações.** \n\n## **III) DIZERES LEGAIS** \n\nRegistro: 1.0107.0003 \n\nProduzido por: Glaxo Wellcome Production Zone Industrielle de la Peyennière, 53100, Mayenne – França. \n\n5 \n\n**==> picture [87 x 28] intentionally omitted <==**\n\n## Modelo de Texto de Bula – Pacientes Amoxil[®] Cápsulas \n\nImportado e Registrado por: **GlaxoSmithKline Brasil Ltda.** Estrada dos Bandeirantes, 8464 - Rio de Janeiro - RJ CNPJ: 33.247.743/0001-10 \n\n## **VENDA SOB PRESCRIÇÃO COM RETENÇÃO DA RECEITA** \n\nL1991_amoxil_cap_gel_dura_GDS35_IPI16 \n\n**==> picture [43 x 43] intentionally omitted <==**\n\n**==> picture [50 x 41] intentionally omitted <==**\n\n6 \n\n## **"", ""- Candidíase mucocutânea, infecção micótica (causada por fungos) que normalmente afeta as partes íntimas ou a boca; na área genital, pode provocar coceira e queimação (com a presença de uma fina camada de secreção branca), e na boca ou na língua podem surgir pintas brancas dolorosas; \n\n- Colite associada a antibióticos (inflamação no cólon (intestino grosso), causando diarreia grave, que também pode conter sangue e ser acompanhada de cólicas abdominais; \n\n- Sua língua pode mudar de cor, ficando amarela, marrom ou preta, e dar a impressão de ter pelos (língua pilosa negra); \n\n- Inflamação da membrana que reveste o cérebro (meningite asséptica); \n\n- Erupção cutânea com bolhas dispostas em círculo com crosta central ou como um colar de pérolas (doença IgA linear); - Efeitos relacionados ao fígado; esses sintomas podem manifestar-se como enjoo, vômito, perda de apetite, sensação geral de mal-estar, febre, coceira, amarelamento da pele e dos olhos e escurecimento da urina e aumento de algumas substâncias (enzimas) produzidas pelo fígado;"", ""## **- Tratamento de curta duração (gonorreia): dose única de 3 g.** \n\n**Erradicação de** _**Helicobacter pylori:**_ para combater o _Helicobacter_ (bactéria que ataca o estômago e o duodeno), recomenda-se o uso de Amoxil[®] no esquema de 1 g duas vezes ao dia (de 12 em 12 horas), em associação com um medicamento conhecido como inibidor da bomba de prótons (exemplo: omeprazol, lanzoprazol) e outro agente antimicrobiano (por exemplo claritromicina, metronidazol), por 7 dias. \n\n## **Pacientes com insuficiência renal (dos rins)** \n\nNa insuficiência renal, a eliminação do antibiótico é mais lenta. Conforme o grau dessa condição, seu médico pode indicar a redução da dose diária total de acordo com o esquema descrito a seguir. \n\nAdultos e crianças acima de 40 kg \n\n- insuficiência leve: nenhuma alteração de dose; \n\n- insuficiência moderada: máximo de 500 mg (uma cápsula) duas vezes ao dia (de 12 em 12 horas); \n\n- insuficiência grave: máximo de 500 mg (uma cápsula) ao dia. \n\n3 \n\n**==> picture [87 x 28] intentionally omitted <==**\n\n## Modelo de Texto de Bula – Pacientes Amoxil[®] Cápsulas \n\n## **Pacientes que recebem diálise peritoneal** \n\nUsa-se a mesma posologia indicada para pacientes com insuficiência renal grave. A diálise peritoneal (processo de limpeza das substâncias tóxicas do organismo através do peritônio, membrana que envolve o abdômen) não remove a amoxicilina do corpo. \n\n## **Pacientes que recebem hemodiálise** \n\nUsa-se a mesma posologia indicada para pacientes com insuficiência renal grave.""]",5.396,3.69
fusion_rag,ollama:medgemma:4b,AMOXIL,medio,Como a bula concilia a recomendação de tomar Amoxil nas refeições com a informação de que ele continua eficaz em outros horários?,medio,"A bula recomenda ingerir Amoxil nas refeições, mas esclarece que ele continua eficaz mesmo se tomado em outros horários. Também afirma que a alimentação não interfere na ação de Amoxil. Assim, tomar nas refeições é aceitável e pode melhorar a tolerabilidade, mas não é necessário para manter a eficácia.",O QUE DEVO SABER ANTES DE USAR ESTE MEDICAMENTO? / COMO DEVO USAR ESTE MEDICAMENTO?,"De acordo com a bula do medicamento AMOXIL, consta a seguinte informação: ""Siga as orientações de seu médico sobre a maneira e a hora correta de tomar o medicamento. Ele vai decidir a quantidade diária que você precisa e o tempo durante o qual você deve usar este medicamento. Leia esta bula com cautela. Se você tiver alguma dúvida, fale com seu médico.""

---
*Esta resposta se baseia apenas nos trechos da bula recuperados e não substitui orientação médica ou farmacêutica.*","De acordo com a bula do medicamento AMOXIL, consta a seguinte informação: ""Siga as orientações de seu médico sobre a maneira e a hora correta de tomar o medicamento. Ele vai decidir a quantidade diária que você precisa e o tempo durante o qual você deve usar este medicamento. Leia esta bula com cautela. Se você tiver alguma dúvida, fale com seu médico.""","O QUE DEVO FAZER QUANDO EU ME ESQUECER DE USAR ESTE MEDICAMENTO?, COMO DEVO USAR ESTE MEDICAMENTO?",,"[""6. COMO DEVO USAR ESTE MEDICAMENTO?** \n\n## **Modo de usar** \n\nSiga as orientações de seu médico sobre a maneira e a hora correta de tomar o medicamento. Ele vai decidir a quantidade diária que você precisa e o tempo durante o qual você deve usar este medicamento. Leia esta bula com cautela. Se você tiver alguma dúvida, fale com seu médico. \n\nRecomenda-se ingerir o medicamento nas refeições, embora ele continue eficaz mesmo que você o tome em outros horários. \n\nContinue tomando este medicamento até o fim do tratamento prescrito pelo médico. Não pare somente porque se sente melhor. \n\n**As cápsulas devem ser ingeridas inteiras com água. Não as mastigue.** \n\n## **Posologia** \n\nAtenção! Para algumas doses indicadas abaixo (doses inferiores a 500 mg) é necessário o uso da suspensão oral, converse com seu médico ou farmacêutico em caso de dúvida. \n\n## **Dose para adultos e crianças acima de 40 kg** \n\n- Dose padrão: 500 mg (uma cápsula) três vezes ao dia (de 8 em 8 horas) nas infecções mais graves. \n\n- Tratamento com dosagem alta (máximo recomendável de 6 g ao dia em doses divididas): recomenda-se uma dose de 3 g (seis cápsulas) duas vezes ao dia (de 12 em 12 horas) em casos que requerem tratamento de infecção respiratória purulenta (com a presença de pus) grave ou recorrente. \n\n## **- Tratamento de curta duração (gonorreia): dose única de 3 g.**"", ""## **- Tratamento de curta duração (gonorreia): dose única de 3 g.** \n\n**Erradicação de** _**Helicobacter pylori:**_ para combater o _Helicobacter_ (bactéria que ataca o estômago e o duodeno), recomenda-se o uso de Amoxil[®] no esquema de 1 g duas vezes ao dia (de 12 em 12 horas), em associação com um medicamento conhecido como inibidor da bomba de prótons (exemplo: omeprazol, lanzoprazol) e outro agente antimicrobiano (por exemplo claritromicina, metronidazol), por 7 dias. \n\n## **Pacientes com insuficiência renal (dos rins)** \n\nNa insuficiência renal, a eliminação do antibiótico é mais lenta. Conforme o grau dessa condição, seu médico pode indicar a redução da dose diária total de acordo com o esquema descrito a seguir. \n\nAdultos e crianças acima de 40 kg \n\n- insuficiência leve: nenhuma alteração de dose; \n\n- insuficiência moderada: máximo de 500 mg (uma cápsula) duas vezes ao dia (de 12 em 12 horas); \n\n- insuficiência grave: máximo de 500 mg (uma cápsula) ao dia. \n\n3 \n\n**==> picture [87 x 28] intentionally omitted <==**\n\n## Modelo de Texto de Bula – Pacientes Amoxil[®] Cápsulas \n\n## **Pacientes que recebem diálise peritoneal** \n\nUsa-se a mesma posologia indicada para pacientes com insuficiência renal grave. A diálise peritoneal (processo de limpeza das substâncias tóxicas do organismo através do peritônio, membrana que envolve o abdômen) não remove a amoxicilina do corpo. \n\n## **Pacientes que recebem hemodiálise** \n\nUsa-se a mesma posologia indicada para pacientes com insuficiência renal grave."", ""7. O QUE DEVO FAZER QUANDO EU ME ESQUECER DE USAR ESTE MEDICAMENTO?** \n\nSe você esquecer uma dose, tome-a assim que se lembrar, mas continue com o horário normal das demais. Só não tome duas doses com intervalo igual ou menor que 1 hora. \n\n**Em caso de dúvidas, procure orientação do farmacêutico ou de seu médico, ou cirurgião-dentista.** \n\n## **"", ""## **Pacientes que recebem hemodiálise** \n\nUsa-se a mesma posologia indicada para pacientes com insuficiência renal grave. \n\nA amoxicilina é removida do sangue por hemodiálise (processo que substitui os rins na filtragem sanguínea). Portanto, uma dose adicional (500 mg para adultos e crianças acima de 40kg ou 15 mg/kg para crianças abaixo de 40 kg) pode ser administrada durante e no final de cada diálise. \n\nSeu médico poderá indicar tratamento por via parenteral (feito com aplicação de injeções intravenosas, intramusculares ou subcutâneas) nos casos em que a via oral for considerada inadequada (particularmente nos tratamentos urgentes de infecções graves). \n\nConforme o grau de insuficiência renal, talvez seu médico ache necessário reduzir a dose diária total. \n\n**Siga a orientação de seu médico, respeitando sempre os horários, as doses e a duração do tratamento. Não interrompa o tratamento sem o conhecimento de seu médico. Este medicamento não deve ser partido ou mastigado.** \n\n## **""]",3.559,3.964
fusion_rag,ollama:medgemma:4b,AMOXIL,medio,Qual é o esquema de Amoxil para erradicação de Helicobacter pylori e quais outros tipos de medicamentos devem ser associados segundo a bula?,medio,"Para erradicação de Helicobacter pylori, a bula da suspensão oral recomenda Amoxil 750 mg a 1 g duas vezes ao dia, associado a um inibidor da bomba de prótons, como omeprazol ou lansoprazol, e a outro agente antimicrobiano, como claritromicina ou metronidazol, por 7 dias.",COMO DEVO USAR ESTE MEDICAMENTO?,"De acordo com a bula do medicamento AMOXIL, consta a seguinte informação: ""Para combater o _Helicobacter_ (bactéria que ataca o estômago e o duodeno), recomenda-se o uso de Amoxil[®] no esquema de 1 g duas vezes ao dia (de 12 em 12 horas), em associação com um medicamento conhecido como inibidor da bomba de prótons (exemplo: omeprazol, lanzoprazol) e outro agente antimicrobiano (por exemplo claritromicina, metronidazol), por 7 dias.""

---
*Esta resposta se baseia apenas nos trechos da bula recuperados e não substitui orientação médica ou farmacêutica.*","De acordo com a bula do medicamento AMOXIL, consta a seguinte informação: ""Para combater o _Helicobacter_ (bactéria que ataca o estômago e o duodeno), recomenda-se o uso de Amoxil[®] no esquema de 1 g duas vezes ao dia (de 12 em 12 horas), em associação com um medicamento conhecido como inibidor da bomba de prótons (exemplo: omeprazol, lanzoprazol) e outro agente antimicrobiano (por exemplo claritromicina, metronidazol), por 7 dias.""","PARA QUE ESTE MEDICAMENTO É INDICADO?, COMO ESTE MEDICAMENTO FUNCIONA?, COMO DEVO USAR ESTE MEDICAMENTO?",,"[""## **- Tratamento de curta duração (gonorreia): dose única de 3 g.** \n\n**Erradicação de** _**Helicobacter pylori:**_ para combater o _Helicobacter_ (bactéria que ataca o estômago e o duodeno), recomenda-se o uso de Amoxil[®] no esquema de 1 g duas vezes ao dia (de 12 em 12 horas), em associação com um medicamento conhecido como inibidor da bomba de prótons (exemplo: omeprazol, lanzoprazol) e outro agente antimicrobiano (por exemplo claritromicina, metronidazol), por 7 dias. \n\n## **Pacientes com insuficiência renal (dos rins)** \n\nNa insuficiência renal, a eliminação do antibiótico é mais lenta. Conforme o grau dessa condição, seu médico pode indicar a redução da dose diária total de acordo com o esquema descrito a seguir. \n\nAdultos e crianças acima de 40 kg \n\n- insuficiência leve: nenhuma alteração de dose; \n\n- insuficiência moderada: máximo de 500 mg (uma cápsula) duas vezes ao dia (de 12 em 12 horas); \n\n- insuficiência grave: máximo de 500 mg (uma cápsula) ao dia. \n\n3 \n\n**==> picture [87 x 28] intentionally omitted <==**\n\n## Modelo de Texto de Bula – Pacientes Amoxil[®] Cápsulas \n\n## **Pacientes que recebem diálise peritoneal** \n\nUsa-se a mesma posologia indicada para pacientes com insuficiência renal grave. A diálise peritoneal (processo de limpeza das substâncias tóxicas do organismo através do peritônio, membrana que envolve o abdômen) não remove a amoxicilina do corpo. \n\n## **Pacientes que recebem hemodiálise** \n\nUsa-se a mesma posologia indicada para pacientes com insuficiência renal grave."", ""1. PARA QUE ESTE MEDICAMENTO É INDICADO?** \n\n**Amoxil[®]** , antibiótico eficaz contra grande variedade de bactérias, é indicado para tratamento de infecções bacterianas causadas por germes sensíveis à ação da amoxicilina. Entretanto, seu médico pode receitar este medicamento para outro uso. Se desejar mais informações, pergunte ao seu médico. \n\n## **"", ""2. COMO ESTE MEDICAMENTO FUNCIONA?** \n\n**Amoxil[®]** contém uma penicilina chamada amoxicilina como ingrediente ativo. A amoxicilina pertence ao grupo dos antibióticos penicilânicos. **Amoxil[®]** é usado no tratamento de uma gama de infecções causadas por bactérias, que podem manifestar-se nos pulmões (pneumonia e bronquite), nas amígdalas (amigdalite), nos seios da face (sinusite), no trato urinário e genital, na pele e nas mucosas. **Amoxil[®]** atua destruindo as bactérias que causam essas infecções. \n\n## **"", ""6. COMO DEVO USAR ESTE MEDICAMENTO?** \n\n## **Modo de usar** \n\nSiga as orientações de seu médico sobre a maneira e a hora correta de tomar o medicamento. Ele vai decidir a quantidade diária que você precisa e o tempo durante o qual você deve usar este medicamento. Leia esta bula com cautela. Se você tiver alguma dúvida, fale com seu médico. \n\nRecomenda-se ingerir o medicamento nas refeições, embora ele continue eficaz mesmo que você o tome em outros horários. \n\nContinue tomando este medicamento até o fim do tratamento prescrito pelo médico. Não pare somente porque se sente melhor. \n\n**As cápsulas devem ser ingeridas inteiras com água. Não as mastigue.** \n\n## **Posologia** \n\nAtenção! Para algumas doses indicadas abaixo (doses inferiores a 500 mg) é necessário o uso da suspensão oral, converse com seu médico ou farmacêutico em caso de dúvida. \n\n## **Dose para adultos e crianças acima de 40 kg** \n\n- Dose padrão: 500 mg (uma cápsula) três vezes ao dia (de 8 em 8 horas) nas infecções mais graves. \n\n- Tratamento com dosagem alta (máximo recomendável de 6 g ao dia em doses divididas): recomenda-se uma dose de 3 g (seis cápsulas) duas vezes ao dia (de 12 em 12 horas) em casos que requerem tratamento de infecção respiratória purulenta (com a presença de pus) grave ou recorrente. \n\n## **- Tratamento de curta duração (gonorreia): dose única de 3 g.**"", ""## **Pacientes que recebem hemodiálise** \n\nUsa-se a mesma posologia indicada para pacientes com insuficiência renal grave. \n\nA amoxicilina é removida do sangue por hemodiálise (processo que substitui os rins na filtragem sanguínea). Portanto, uma dose adicional (500 mg para adultos e crianças acima de 40kg ou 15 mg/kg para crianças abaixo de 40 kg) pode ser administrada durante e no final de cada diálise. \n\nSeu médico poderá indicar tratamento por via parenteral (feito com aplicação de injeções intravenosas, intramusculares ou subcutâneas) nos casos em que a via oral for considerada inadequada (particularmente nos tratamentos urgentes de infecções graves). \n\nConforme o grau de insuficiência renal, talvez seu médico ache necessário reduzir a dose diária total. \n\n**Siga a orientação de seu médico, respeitando sempre os horários, as doses e a duração do tratamento. Não interrompa o tratamento sem o conhecimento de seu médico. Este medicamento não deve ser partido ou mastigado.** \n\n## **""]",4.515,5.453
fusion_rag,ollama:medgemma:4b,AMOXIL,medio,Por que pacientes com fenilcetonúria devem ter cautela especificamente com Amoxil suspensão oral?,medio,"Porque a formulação em suspensão oral contém aspartamo, que é fonte de fenilalanina. A bula informa que Amoxil suspensão deve ser usado com cautela em pacientes com fenilcetonúria e orienta informar o médico caso o paciente tenha essa doença.",IDENTIFICAÇÃO DO MEDICAMENTO / O QUE DEVO SABER ANTES DE USAR ESTE MEDICAMENTO?,"De acordo com a bula do medicamento AMOXIL, não constam informações sobre essa pergunta.

---
*Esta resposta se baseia apenas nos trechos da bula recuperados e não substitui orientação médica ou farmacêutica.*","De acordo com a bula do medicamento AMOXIL, não constam informações sobre essa pergunta.",QUANDO NÃO DEVO USAR ESTE MEDICAMENTO?,,"[""## **Este medicamento não deve ser utilizado por mulheres grávidas sem orientação médica ou do cirurgião-dentista.** \n\n**Uso compatível com o aleitamento ou doação de leite humano. O uso desse medicamento não interfere no aleitamento do bebê.** \n\n## **Uso em idosos, crianças e outros grupos de risco** \n\nAs recomendações especiais se referem às doses . \n\n## **Interações Medicamentosas** \n\nAlguns medicamentos podem causar efeitos indesejáveis se você os ingerir durante o tratamento com **Amoxil[®]** . Não deixe de avisar seu médico caso você esteja tomando: \n\n- medicamentos usados no tratamento de gota (probenecida ou alopurinol); \n\n- outros antibióticos; \n\n- pílulas anticoncepcionais (como acontece com outros antibióticos, talvez sejam necessárias precauções adicionais para evitar a gravidez); \n\n- anticoagulantes; \n\n- metotrexato (usado para tratar doenças como câncer e psoríase grave). A alimentação não interfere na ação de **Amoxil[®]** , que pode ser ingerido nas refeições. \n\n**Informe ao seu médico ou cirurgião-dentista se você está fazendo uso de algum outro medicamento. Não use medicamento sem o conhecimento do seu médico. Pode ser perigoso para a sua saúde.** \n\n**Atenção: Contém os corantes vermelho de eritrosina, azul de indigotina, dióxido de titânio e óxido de ferro amarelo que podem, eventualmente, causar reações alérgicas.**"", ""1 \n\n**==> picture [87 x 28] intentionally omitted <==**\n\n## Modelo de Texto de Bula – Pacientes Amoxil[®] Cápsulas \n\nO uso prolongado também pode resultar, ocasionalmente, em supercrescimento de microrganismos resistentes a **Amoxil[®]** . \n\n**Amoxil[®]** pode piorar algumas condições existentes ou causar efeitos colaterais graves, como reações alérgicas severas, reações cutâneas severas, dor no peito, vômitos repetitivos dentro de 1 a 4 horas após a administração de **Amoxil[®]** ou diarreia grave (colite pseudomembranosa). Você deve estar atento a determinados sintomas enquanto estiver recebendo **Amoxil[®]** para ajudar a reduzir o risco de quaisquer problemas. \n\n## **Efeitos sobre a capacidade de dirigir veículos e de operar máquinas** \n\nNão se observaram efeitos adversos sobre a capacidade de dirigir veículos e de operar máquinas. \n\n## **Gravidez e amamentação** \n\n**Amoxil[®]** pode ser usado na gravidez desde que os benefícios potenciais sejam maiores que os riscos potenciais associados ao tratamento. Informe seu médico se você estiver grávida ou suspeitar que está grávida. Você não deve tomar este medicamento se estiver grávida, exceto se seu médico recomendar. \n\nVocê pode amamentar seu bebê enquanto estiver tomando **Amoxil[®]** , mas há excreção de quantidades mínimas de amoxicilina no leite materno. Se você estiver amamentando, informe ao seu médico antes de iniciar o tratamento com **Amoxil[®]** . \n\n## **Este medicamento não deve ser utilizado por mulheres grávidas sem orientação médica ou do cirurgião-dentista.**"", ""3. QUANDO NÃO DEVO USAR ESTE MEDICAMENTO?** \n\nEste medicamento não pode ser administrado nem ingerido por pessoas alérgicas à amoxicilina, a outros antibióticos penicilínicos ou antibióticos similares, chamados cefalosporinas. Se você já teve uma reação alérgica (como erupções da pele) ao tomar um antibiótico, deve conversar com seu médico antes de usar **Amoxil[®] .** \n\n## **4. O QUE DEVO SABER ANTES DE USAR ESTE MEDICAMENTO** ? \n\nAntes de iniciar o tratamento com **Amoxil**[] , informe seu médico: \n\n- se você já apresentou reação alérgica a algum antibiótico. Isso pode incluir reações na pele ou inchaço na face ou pescoço ou dores no peito. \n\n- se você apresenta febre glandular. \n\n- se você toma medicamentos usados para prevenir coágulos sanguíneos (anticoagulantes), tais como varfarina, o seu médico fará um monitoramento e, se necessário, poderá sugerir ajustes na dose dos anticoagulantes. \n\n- se você apresenta problema nos rins. \n\n- se você não estiver urinando regularmente. \n\n- se você já teve diarreia durante ou após o uso de antibióticos. \n\n1 \n\n**==> picture [87 x 28] intentionally omitted <==**\n\n## Modelo de Texto de Bula – Pacientes Amoxil[®] Cápsulas \n\nO uso prolongado também pode resultar, ocasionalmente, em supercrescimento de microrganismos resistentes a **Amoxil[®]** ."", ""**Atenção: Contém os corantes vermelho de eritrosina, azul de indigotina, dióxido de titânio e óxido de ferro amarelo que podem, eventualmente, causar reações alérgicas.** \n\n**É importante utilizar este medicamento durante todo o tempo prescrito pelo profissional de saúde habilitado, mesmo que os sinais e sintomas da infecção tenham desaparecido, pois isso não significa a cura. A interrupção do tratamento pode contribuir para o aparecimento de infecções mais graves.** \n\n## **""]",4.376,3.0
fusion_rag,ollama:medgemma:4b,RIVOTRIL,medio,"Em crianças com distúrbios epilépticos, como a faixa etária ou peso altera a dose inicial de Rivotril e que cuidado respiratório deve ser observado em lactentes e crianças pequenas?",medio,"Para recém-nascidos e crianças até 10 anos de idade ou 30 kg, a dose inicial média é de 0,01 a 0,03 mg/kg/dia, não excedendo 0,05 mg/kg/dia, dividida em 2 ou 3 doses. Para crianças entre 10 e 16 anos, a dose inicial é de 1 a 1,5 mg/dia, dividida em 2 a 3 doses. A bula também alerta que Rivotril pode aumentar a salivação e as secreções brônquicas em lactentes e crianças pequenas, devendo-se manter as vias aéreas livres.",COMO DEVO USAR ESTE MEDICAMENTO? / O QUE DEVO SABER ANTES DE USAR ESTE MEDICAMENTO?,"De acordo com a bula do medicamento RIVOTRIL, consta a seguinte informação:
A dose inicial de Rivotril para crianças com distúrbios epilépticos varia de 0,01 a 0,03 mg/kg/dia. A dose máxima diária não excederá 0,05 mg/kg/dia. Em crianças até 10 anos de idade ou 30 kg de peso, a dose inicial média é de 0,01 a 0,03 mg/kg/dia. Crianças entre 10 e 16 anos de idade: Dose inicial: 1 a 1,5 mg/dia, dividido em 2 a 3 doses. A dose pode ser aumentada, a critério médico, até atingir a dose de manutenção individual, usualmente de 3 a 6 mg/dia. Sempre que possível, dividir a dose diária em 3 doses iguais. Caso não seja possível, a maior dose deve ser tomada antes de deitar.
Em lactentes e crianças pequenas, Rivotril pode aumentar a salivação e as secreções brônquicas. Atenção: manter as vias aéreas livres.

---
*Esta resposta se baseia apenas nos trechos da bula recuperados e não substitui orientação médica ou farmacêutica.*","De acordo com a bula do medicamento RIVOTRIL, consta a seguinte informação:
A dose inicial de Rivotril para crianças com distúrbios epilépticos varia de 0,01 a 0,03 mg/kg/dia. A dose máxima diária não excederá 0,05 mg/kg/dia. Em crianças até 10 anos de idade ou 30 kg de peso, a dose inicial média é de 0,01 a 0,03 mg/kg/dia. Crianças entre 10 e 16 anos de idade: Dose inicial: 1 a 1,5 mg/dia, dividido em 2 a 3 doses. A dose pode ser aumentada, a critério médico, até atingir a dose de manutenção individual, usualmente de 3 a 6 mg/dia. Sempre que possível, dividir a dose diária em 3 doses iguais. Caso não seja possível, a maior dose deve ser tomada antes de deitar.
Em lactentes e crianças pequenas, Rivotril pode aumentar a salivação e as secreções brônquicas. Atenção: manter as vias aéreas livres.","O QUE DEVO FAZER QUANDO EU ME ESQUECER DE USAR ESTE MEDICAMENTO?, QUANDO NÃO DEVO USAR ESTE MEDICAMENTO?, COMO DEVO USAR ESTE MEDICAMENTO?",,"[""Informe seu médico se estiver amamentando. Se você realmente precisar tomar **Rivotril[®]** , a amamentação deve ser descontinuada. \n\n## **Uso em crianças** \n\nAvaliar o risco / benefício do uso de **Rivotril[® ]** a longo prazo em pacientes pediátricos com distúrbios epilépticos. **Rivotril[® ]** pode aumentar a salivação e as secreções brônquicas em lactentes e crianças pequenas. Atenção:  manter as vias aéreas livres. \n\nNão há dados de eficácia / segurança de **Rivotril[® ]** em menores de 18 anos com distúrbio do pânico. \n\n## **Uso em idosos** \n\nOs efeitos dos benzodiazepínicos parecem ser maiores em pacientes idosos do que em pacientes mais jovens, mesmo em concentrações plasmáticas similares. \n\n## **Principais interações medicamentosas** \n\nInforme seu médico se estiver tomando outros medicamentos, incluindo as substâncias a seguir, pois elas podem interagir com **Rivotril[®]** : \n\n– Depressores do sistema nervoso central e álcool; \n\n– Medicamentos que agem no sistema nervoso: antidepressivos, medicamentos para dormir, alguns analgésicos, antipsicóticos, ansiolíticos, anticonvulsivantes; \n\n– Medicamentos para o estômago. \n\n## **Interações fármaco-alimento** \n\nInterações com alimentos não foram estabelecidas. O suco de toranja pode aumentar o efeito de **Rivotril**[®] . \n\n## **Interações fármaco-laboratório** \n\nInterações com testes laboratoriais não foram estabelecidas. \n\n**Informe ao seu médico ou cirurgião-dentista se você está fazendo uso de algum outro medicamento. Não use medicamento sem o conhecimento do seu médico. Pode ser perigoso para a sua   saúde.**"", ""3 \n\n**==> picture [109 x 35] intentionally omitted <==**\n\n## **Todo medicamento deve ser mantido fora do alcance das  crianças.** \n\n## **6. COMO DEVO USAR ESTE  MEDICAMENTO?** \n\nTome os comprimidos por via oral com pouca quantidade de líquido não alcoólico. A dose de **Rivotril[® ]** depende da doença, da resposta clínica, idade e tolerabilidade. \n\nRecomenda-se que o tratamento inicie com doses mais baixas, que podem ser aumentadas se necessário. Siga a orientação médica. \n\n## **Distúrbios epilépticos** \n\n## Adultos \n\nDose inicial: não exceder 1,5 mg/dia, dividida em 3 doses. Aumentar a critério médico. Dose de manutenção: será definida pelo seu médico, de acordo com sua resposta. \n\nDose diária máxima recomendada: 20 mg. \n\nSe você já usa outro anticonvulsivante, avise seu médico. \n\nRecém-nascidos e crianças até 10 anos de idade ou 30 kg de peso \n\nDose inicial média: 0,01 a 0,03 mg/kg/dia. Não exceder 0,05 mg/kg/dia, dividido em 2 ou 3 doses  diárias. \n\nCrianças entre 10 e 16 anos de idade: Dose inicial: 1 a 1,5 mg/dia, dividido em 2 a 3 doses. A dose pode ser aumentada, a critério médico, até atingir a dose de manutenção individual, usualmente de 3 a 6  mg/dia. Sempre que possível, dividir a dose diária em 3 doses iguais. Caso não seja possível, a maior dose deve ser tomada antes de deitar. \n\n## **Transtornos de ansiedade**"", ""6. COMO DEVO USAR ESTE  MEDICAMENTO?** \n\nTome os comprimidos por via oral com pouca quantidade de líquido não alcoólico. A dose de **Rivotril[® ]** depende da doença, da resposta clínica, idade e tolerabilidade. \n\nRecomenda-se que o tratamento inicie com doses mais baixas, que podem ser aumentadas se necessário. Siga a orientação médica. \n\n## **Distúrbios epilépticos** \n\n## Adultos \n\nDose inicial: não exceder 1,5 mg/dia, dividida em 3 doses. Aumentar a critério médico. Dose de manutenção: será definida pelo seu médico, de acordo com sua resposta. \n\nDose diária máxima recomendada: 20 mg. \n\nSe você já usa outro anticonvulsivante, avise seu médico. \n\nRecém-nascidos e crianças até 10 anos de idade ou 30 kg de peso \n\nDose inicial média: 0,01 a 0,03 mg/kg/dia. Não exceder 0,05 mg/kg/dia, dividido em 2 ou 3 doses  diárias. \n\nCrianças entre 10 e 16 anos de idade: Dose inicial: 1 a 1,5 mg/dia, dividido em 2 a 3 doses. A dose pode ser aumentada, a critério médico, até atingir a dose de manutenção individual, usualmente de 3 a 6  mg/dia. Sempre que possível, dividir a dose diária em 3 doses iguais. Caso não seja possível, a maior dose deve ser tomada antes de deitar. \n\n## **Transtornos de ansiedade** \n\n- **Distúrbio do pânico:** Adultos: - Dose inicial: 0,5 mg/dia, dividida em 2 doses. Pode-se aumentar a dose a critério médico. - Dose de manutenção: critério médico, de acordo com sua resposta. A dose tomada ao deitar reduz a inconveniência da sonolência e pode ser desejável no início do tratamento. A retirada deve ser gradual, até que o medicamento seja totalmente suspenso."", ""- **Como ansiolítico em geral:** 0,25 mg a 4,0 mg/dia. Dose recomendada: 0,5 a 1,5 mg/dia (dividida em 3x/dia). \n\n- **Fobia social:** 0,25 mg/dia até 6,0 mg/dia (2,0 mg, 3x/dia). Dose recomendada: 1,0 a 2,5 mg/dia. \n\n## **Transtornos do humor** \n\n- **Transtorno afetivo bipolar** (tratamento da mania): 1,5 mg a 8 mg/dia. Dose recomendada: 2,0 a 4,0 mg/dia. \n\n- **Depressão maior** (associado a antidepressivos): 0,5 a 6,0 mg/dia. Dose recomendada: 2,0 a 4,0 mg/dia. \n\n## **Síndromes psicóticas** \n\n- **Acatisia** : 0,5 mg a 4,5 mg/dia. Dose recomendada: 0,5 a 3,0 mg/dia. \n\n**Síndrome das pernas inquietas:** 0,5 mg a 2,0 mg/dia. \n\n**Vertigem e distúrbios do equilíbrio** : 0,5 mg a 1,0 mg ao dia (2x/dia). Doses diárias superiores a 1,0 mg não são recomendáveis. \n\n**Síndrome da boca ardente:** 0,25 a 6,0 mg/dia. Dose recomendada: 1,0 a 2,0 mg/dia. \n\n**Uso em idosos:** a dose mais baixa possível deve ser utilizada em idosos. Deve-se ter especial cuidado durante as alterações na dose. \n\n**Comprometimento do fígado:** pacientes com comprometimento do fígado grave não devem ser tratados com clonazepam e pacientes com comprometimento hepático leve a moderado devem receber a dose mais baixa possível. \n\n4 \n\n**==> picture [109 x 35] intentionally omitted <==**\n\n## **Instruções especiais de administração** \n\n**Rivotril[® ]** pode ser usado com outros antiepilépticos. Nesse caso, seu médico ajustará a dose de cada medicamento para atingir o efeito ideal."", ""**Distúrbios do sistema nervoso** : diminuição da concentração, sonolência, lentificação, hipotonia muscular, tonturas, ataxia são frequentes e geralmente transitórias. Dor de cabeça (raro). Distúrbios reversíveis: dificuldade para articular a fala, incoordenação de movimentos e da marcha, movimento anormal dos olhos. Pode haver esquecimento de fatos recentes, associado a alteração de comportamento. Pode haver aumento das crises convulsivas em determinadas formas de epilepsia. Perda da voz, movimentos grosseiros e descoordenados de braços e pernas, coma, tremor, perda de força de um lado do corpo, sensação de cabeça leve, falta de energia e formigamento e alteração da sensibilidade nas extremidades. \n\n**Distúrbios oculares** : visão dupla reversível, aparência de “olho vítreo”. \n\n**Distúrbios cardiovasculares** : palpitações, dor torácica, insuficiência cardíaca (incluindo parada  cardíaca). \n\n**Distúrbios respiratórios** : congestão pulmonar, congestão nasal, hipersecreção, tosse, falta de ar, bronquite, rinite, faringite. Pode ocorrer depressão respiratória. **Rivotril[® ]** pode aumentar a produção de saliva ou de secreção brônquica (secreção nas vias aéreas) em lactentes e crianças. \n\n**Distúrbios gastrintestinais** : perda do apetite, língua saburrosa, constipação, diarreia, boca seca, incontinência fecal (perda do controle da evacuação), gastrite, aumento do fígado, apetite aumentado, gengivas doloridas, dor abdominal, inflamação gastrintestinal, dor de dente. Náuseas e sintomas epigástricos (raro) (sintomas na região do estômago). \n\n5""]",7.356,9.118
fusion_rag,ollama:medgemma:4b,RIVOTRIL,medio,"Por que pacientes idosos devem usar a menor dose possível de Rivotril, segundo a bula?",medio,"A bula informa que os efeitos dos benzodiazepínicos parecem ser maiores em pacientes idosos do que em pacientes mais jovens, mesmo em concentrações plasmáticas similares. Na seção de posologia, orienta que a dose mais baixa possível deve ser utilizada em idosos e que deve haver cuidado especial durante alterações de dose.",O QUE DEVO SABER ANTES DE USAR ESTE MEDICAMENTO? / COMO DEVO USAR ESTE MEDICAMENTO?,"De acordo com a bula do medicamento RIVOTRIL, consta a seguinte informação: ""A dose mais baixa possível deve ser utilizada em idosos. Deve-se ter especial cuidado durante as alterações na dose.""

---
*Esta resposta se baseia apenas nos trechos da bula recuperados e não substitui orientação médica ou farmacêutica. É recomendável consultar um profissional de saúde para orientação individualizada.*","De acordo com a bula do medicamento RIVOTRIL, consta a seguinte informação: ""A dose mais baixa possível deve ser utilizada em idosos. Deve-se ter especial cuidado durante as alterações na dose.""","O QUE DEVO FAZER QUANDO EU ME ESQUECER DE USAR ESTE MEDICAMENTO?, COMO DEVO USAR ESTE MEDICAMENTO?",,"[""- **Como ansiolítico em geral:** 0,25 mg a 4,0 mg/dia. Dose recomendada: 0,5 a 1,5 mg/dia (dividida em 3x/dia). \n\n- **Fobia social:** 0,25 mg/dia até 6,0 mg/dia (2,0 mg, 3x/dia). Dose recomendada: 1,0 a 2,5 mg/dia. \n\n## **Transtornos do humor** \n\n- **Transtorno afetivo bipolar** (tratamento da mania): 1,5 mg a 8 mg/dia. Dose recomendada: 2,0 a 4,0 mg/dia. \n\n- **Depressão maior** (associado a antidepressivos): 0,5 a 6,0 mg/dia. Dose recomendada: 2,0 a 4,0 mg/dia. \n\n## **Síndromes psicóticas** \n\n- **Acatisia** : 0,5 mg a 4,5 mg/dia. Dose recomendada: 0,5 a 3,0 mg/dia. \n\n**Síndrome das pernas inquietas:** 0,5 mg a 2,0 mg/dia. \n\n**Vertigem e distúrbios do equilíbrio** : 0,5 mg a 1,0 mg ao dia (2x/dia). Doses diárias superiores a 1,0 mg não são recomendáveis. \n\n**Síndrome da boca ardente:** 0,25 a 6,0 mg/dia. Dose recomendada: 1,0 a 2,0 mg/dia. \n\n**Uso em idosos:** a dose mais baixa possível deve ser utilizada em idosos. Deve-se ter especial cuidado durante as alterações na dose. \n\n**Comprometimento do fígado:** pacientes com comprometimento do fígado grave não devem ser tratados com clonazepam e pacientes com comprometimento hepático leve a moderado devem receber a dose mais baixa possível. \n\n4 \n\n**==> picture [109 x 35] intentionally omitted <==**\n\n## **Instruções especiais de administração** \n\n**Rivotril[® ]** pode ser usado com outros antiepilépticos. Nesse caso, seu médico ajustará a dose de cada medicamento para atingir o efeito ideal."", ""6. COMO DEVO USAR ESTE  MEDICAMENTO?** \n\nTome os comprimidos por via oral com pouca quantidade de líquido não alcoólico. A dose de **Rivotril[® ]** depende da doença, da resposta clínica, idade e tolerabilidade. \n\nRecomenda-se que o tratamento inicie com doses mais baixas, que podem ser aumentadas se necessário. Siga a orientação médica. \n\n## **Distúrbios epilépticos** \n\n## Adultos \n\nDose inicial: não exceder 1,5 mg/dia, dividida em 3 doses. Aumentar a critério médico. Dose de manutenção: será definida pelo seu médico, de acordo com sua resposta. \n\nDose diária máxima recomendada: 20 mg. \n\nSe você já usa outro anticonvulsivante, avise seu médico. \n\nRecém-nascidos e crianças até 10 anos de idade ou 30 kg de peso \n\nDose inicial média: 0,01 a 0,03 mg/kg/dia. Não exceder 0,05 mg/kg/dia, dividido em 2 ou 3 doses  diárias. \n\nCrianças entre 10 e 16 anos de idade: Dose inicial: 1 a 1,5 mg/dia, dividido em 2 a 3 doses. A dose pode ser aumentada, a critério médico, até atingir a dose de manutenção individual, usualmente de 3 a 6  mg/dia. Sempre que possível, dividir a dose diária em 3 doses iguais. Caso não seja possível, a maior dose deve ser tomada antes de deitar. \n\n## **Transtornos de ansiedade** \n\n- **Distúrbio do pânico:** Adultos: - Dose inicial: 0,5 mg/dia, dividida em 2 doses. Pode-se aumentar a dose a critério médico. - Dose de manutenção: critério médico, de acordo com sua resposta. A dose tomada ao deitar reduz a inconveniência da sonolência e pode ser desejável no início do tratamento. A retirada deve ser gradual, até que o medicamento seja totalmente suspenso."", ""5 \n\n**==> picture [109 x 35] intentionally omitted <==**\n\n**Distúrbios da pele / tecido subcutâneo** : urticária (placas avermelhadas na pele que coçam bastante), coceira, erupção cutânea, perda de cabelo transitória, crescimento anormal de pelos, inchaço na face e tornozelo, alterações da pigmentação (raro). \n\n**Distúrbios musculoesqueléticos / tecido conectivo** : fraqueza muscular, frequente e geralmente transitória. Dor muscular, dor nas costas, fratura traumática, dor na nuca, deslocamentos e tensões. \n\n**Distúrbios renais / urinários** : dificuldade para urinar, perda urinária durante o sono, noctúria (levantar para urinar à noite), retenção urinária, infecção do trato urinário. Incontinência (raro). \n\n**Distúrbios do sistema reprodutivo** : cólicas menstruais, diminuição de interesse sexual. Impotência (raro). \n\n**Distúrbios gerais** : fadiga frequente e geralmente transitória. Reações paradoxais: vide item “Distúrbios psiquiátricos”. \n\n**Lesões e envenenamento** : quedas e fraturas. Risco maior em pessoas que usam outros sedativos incluindo bebidas alcoólicas e em idosos. \n\n**Exames complementares** : diminuição do número de plaquetas (raro). Diminuição dos glóbulos brancos e anemia, alterações dos exames da função do fígado. \n\n## **Distúrbios do ouvido** : otite, vertigem. \n\n**Diversas** : desidratação, deterioração geral, febre, aumento dos gânglios linfáticos, ganho ou perda de peso, infecção viral."", ""**Distúrbios do sistema nervoso** : diminuição da concentração, sonolência, lentificação, hipotonia muscular, tonturas, ataxia são frequentes e geralmente transitórias. Dor de cabeça (raro). Distúrbios reversíveis: dificuldade para articular a fala, incoordenação de movimentos e da marcha, movimento anormal dos olhos. Pode haver esquecimento de fatos recentes, associado a alteração de comportamento. Pode haver aumento das crises convulsivas em determinadas formas de epilepsia. Perda da voz, movimentos grosseiros e descoordenados de braços e pernas, coma, tremor, perda de força de um lado do corpo, sensação de cabeça leve, falta de energia e formigamento e alteração da sensibilidade nas extremidades. \n\n**Distúrbios oculares** : visão dupla reversível, aparência de “olho vítreo”. \n\n**Distúrbios cardiovasculares** : palpitações, dor torácica, insuficiência cardíaca (incluindo parada  cardíaca). \n\n**Distúrbios respiratórios** : congestão pulmonar, congestão nasal, hipersecreção, tosse, falta de ar, bronquite, rinite, faringite. Pode ocorrer depressão respiratória. **Rivotril[® ]** pode aumentar a produção de saliva ou de secreção brônquica (secreção nas vias aéreas) em lactentes e crianças. \n\n**Distúrbios gastrintestinais** : perda do apetite, língua saburrosa, constipação, diarreia, boca seca, incontinência fecal (perda do controle da evacuação), gastrite, aumento do fígado, apetite aumentado, gengivas doloridas, dor abdominal, inflamação gastrintestinal, dor de dente. Náuseas e sintomas epigástricos (raro) (sintomas na região do estômago). \n\n5"", ""4 \n\n**==> picture [109 x 35] intentionally omitted <==**\n\n## **Instruções especiais de administração** \n\n**Rivotril[® ]** pode ser usado com outros antiepilépticos. Nesse caso, seu médico ajustará a dose de cada medicamento para atingir o efeito ideal. \n\nNão pare de tomar **Rivotril[® ]** subitamente, você pode ter novas crises epilépticas. Somente seu médico poderá orientar a interrupção do tratamento reduzindo gradualmente a dose utilizada. \n\n**Siga a orientação de seu médico, respeitando sempre os horários, as doses e a duração do tratamento. Não interrompa o tratamento sem o conhecimento do seu médico.** \n\n**""]",5.651,3.627
fusion_rag,ollama:medgemma:4b,RIVOTRIL,medio,Como a conduta com Rivotril difere entre pacientes com comprometimento hepático grave e aqueles com comprometimento hepático leve a moderado?,medio,"Pacientes com comprometimento hepático grave não devem ser tratados com clonazepam/Rivotril, pois a bula contraindica o uso nesses casos. Já pacientes com comprometimento hepático leve a moderado devem receber a dose mais baixa possível.",QUANDO NÃO DEVO USAR ESTE MEDICAMENTO? / COMO DEVO USAR ESTE MEDICAMENTO?,"De acordo com a bula do medicamento RIVOTRIL, consta a seguinte informação:
- Pacientes com comprometimento do fígado grave não devem ser tratados com clonazepam.
- Pacientes com comprometimento hepático leve a moderado devem receber a dose mais baixa possível.

---
*Esta resposta se baseia apenas nos trechos da bula recuperados e não substitui orientação médica ou farmacêutica.*","De acordo com a bula do medicamento RIVOTRIL, consta a seguinte informação:
- Pacientes com comprometimento do fígado grave não devem ser tratados com clonazepam.
- Pacientes com comprometimento hepático leve a moderado devem receber a dose mais baixa possível.","QUANDO NÃO DEVO USAR ESTE MEDICAMENTO?, O QUE DEVO SABER ANTES DE USAR ESTE MEDICAMENTO?, COMO DEVO USAR ESTE MEDICAMENTO?",,"[""- **Como ansiolítico em geral:** 0,25 mg a 4,0 mg/dia. Dose recomendada: 0,5 a 1,5 mg/dia (dividida em 3x/dia). \n\n- **Fobia social:** 0,25 mg/dia até 6,0 mg/dia (2,0 mg, 3x/dia). Dose recomendada: 1,0 a 2,5 mg/dia. \n\n## **Transtornos do humor** \n\n- **Transtorno afetivo bipolar** (tratamento da mania): 1,5 mg a 8 mg/dia. Dose recomendada: 2,0 a 4,0 mg/dia. \n\n- **Depressão maior** (associado a antidepressivos): 0,5 a 6,0 mg/dia. Dose recomendada: 2,0 a 4,0 mg/dia. \n\n## **Síndromes psicóticas** \n\n- **Acatisia** : 0,5 mg a 4,5 mg/dia. Dose recomendada: 0,5 a 3,0 mg/dia. \n\n**Síndrome das pernas inquietas:** 0,5 mg a 2,0 mg/dia. \n\n**Vertigem e distúrbios do equilíbrio** : 0,5 mg a 1,0 mg ao dia (2x/dia). Doses diárias superiores a 1,0 mg não são recomendáveis. \n\n**Síndrome da boca ardente:** 0,25 a 6,0 mg/dia. Dose recomendada: 1,0 a 2,0 mg/dia. \n\n**Uso em idosos:** a dose mais baixa possível deve ser utilizada em idosos. Deve-se ter especial cuidado durante as alterações na dose. \n\n**Comprometimento do fígado:** pacientes com comprometimento do fígado grave não devem ser tratados com clonazepam e pacientes com comprometimento hepático leve a moderado devem receber a dose mais baixa possível. \n\n4 \n\n**==> picture [109 x 35] intentionally omitted <==**\n\n## **Instruções especiais de administração** \n\n**Rivotril[® ]** pode ser usado com outros antiepilépticos. Nesse caso, seu médico ajustará a dose de cada medicamento para atingir o efeito ideal."", ""**Síndrome da boca ardente:** 0,25 a 6,0 mg/dia. Dose recomendada: 1,0 a 2,0 mg/dia. \n\n**Uso em idosos:** a dose mais baixa possível deve ser utilizada em idosos. Deve-se ter especial cuidado durante as alterações na dose. \n\n**Comprometimento do fígado:** pacientes com comprometimento do fígado grave não devem ser tratados com clonazepam e pacientes com comprometimento hepático leve a moderado devem receber a dose mais baixa possível. \n\n4 \n\n**==> picture [109 x 35] intentionally omitted <==**\n\n## **Instruções especiais de administração** \n\n**Rivotril[® ]** pode ser usado com outros antiepilépticos. Nesse caso, seu médico ajustará a dose de cada medicamento para atingir o efeito ideal. \n\nNão pare de tomar **Rivotril[® ]** subitamente, você pode ter novas crises epilépticas. Somente seu médico poderá orientar a interrupção do tratamento reduzindo gradualmente a dose utilizada. \n\n**Siga a orientação de seu médico, respeitando sempre os horários, as doses e a duração do tratamento. Não interrompa o tratamento sem o conhecimento do seu médico.** \n\n**"", ""3. QUANDO NÃO DEVO USAR ESTE MEDICAMENTO?** \n\n**Rivotril[® ]** é contraindicado a pacientes com hipersensibilidade conhecida a clonazepam ou a qualquer dos excipientes do medicamento, em pacientes com insuficiência respiratória grave ou comprometimento do fígado grave, pois os benzodiazepínicos podem levar à ocorrência de comprometimento do sistema nervoso, secundário ao problema no fígado. \n\n**Rivotril[® ]** comprimidos e **Rivotril[® ]** gotas são contraindicados para o tratamento de transtornos do pânico em pacientes com histórico médico de apneia do sono. \n\n**Rivotril[® ]** é contraindicado a pacientes com glaucoma agudo de ângulo fechado. **Rivotril[® ]** pode ser usado por pacientes com glaucoma de ângulo aberto, desde que estejam recebendo terapia  apropriada. \n\n## **4. O QUE DEVO SABER ANTES DE USAR ESTE   MEDICAMENTO?** \n\nAntes de tomar **Rivotril**[®] , informe seu médico se você tem ou teve: \n\n- 1) outros problemas de saúde, como doenças nos rins ou fígado (por exemplo: cirrose hepática), distúrbio neuromuscular ou respiratório, porfiria (doença em que ocorre deficiência de enzimas específicas na via da biossíntese do heme); \n\n- 2) sinais ou sintomas de depressão e/ou tentativa de suicídio; \n\n- 3) intolerância à galactose (açúcar) ou deficiência de lactase (enzima que quebra a lactose); \n\n4) ataxia cerebelar ou espinhal (descoordenação dos movimentos por problema do cerebelo ou medula); \n\n> 5) uso regular ou intoxicação aguda por álcool ou drogas. \n\nPode ocorrer perda de efeito durante o tratamento com clonazepam."", ""3. QUANDO NÃO DEVO USAR ESTE MEDICAMENTO?** \n\n**Rivotril[® ]** é contraindicado a pacientes com hipersensibilidade conhecida a clonazepam ou a qualquer dos excipientes do medicamento, em pacientes com insuficiência respiratória grave ou comprometimento do fígado grave, pois os benzodiazepínicos podem levar à ocorrência de comprometimento do sistema nervoso, secundário ao problema no fígado. \n\n**Rivotril[® ]** comprimidos e **Rivotril[® ]** gotas são contraindicados para o tratamento de transtornos do pânico em pacientes com histórico médico de apneia do sono. \n\n**Rivotril[® ]** é contraindicado a pacientes com glaucoma agudo de ângulo fechado. **Rivotril[® ]** pode ser usado por pacientes com glaucoma de ângulo aberto, desde que estejam recebendo terapia  apropriada. \n\n## **"", ""4. O QUE DEVO SABER ANTES DE USAR ESTE   MEDICAMENTO?** \n\nAntes de tomar **Rivotril**[®] , informe seu médico se você tem ou teve: \n\n- 1) outros problemas de saúde, como doenças nos rins ou fígado (por exemplo: cirrose hepática), distúrbio neuromuscular ou respiratório, porfiria (doença em que ocorre deficiência de enzimas específicas na via da biossíntese do heme); \n\n- 2) sinais ou sintomas de depressão e/ou tentativa de suicídio; \n\n- 3) intolerância à galactose (açúcar) ou deficiência de lactase (enzima que quebra a lactose); \n\n4) ataxia cerebelar ou espinhal (descoordenação dos movimentos por problema do cerebelo ou medula); \n\n> 5) uso regular ou intoxicação aguda por álcool ou drogas. \n\nPode ocorrer perda de efeito durante o tratamento com clonazepam. \n\nNão tome **Rivotril[® ]** com álcool e/ou depressores do sistema nervoso central, essa combinação pode aumentar os efeitos de **Rivotril[®]** , com potencial sedação grave que pode resultar em coma ou morte, depressão cardiovascular e/ou respiratória. Caso ocorram reações paradoxais ** durante o tratamento, fale com seu médico, pois o uso do medicamento deve ser descontinuado. Pode ocorrer amnésia anterógrada (perda da habilidade de criar novas memórias e absorver novas informações), com o uso de benzodiazepínicos em doses terapêuticas. \n\n**Rivotril[® ]** pode precipitar o estado de mal epiléptico (crises epilépticas em sequência rápida). Fale com seu médico antes de aumentar a dose ou interromper abruptamente esta medicação. \n\n## **Abuso e dependência do medicamento**""]",7.454,3.448
fusion_rag,ollama:medgemma:4b,RIVOTRIL,medio,Quais são as recomendações da bula sobre o uso de Rivotril com álcool e com suco de toranja?,medio,"A bula orienta não tomar Rivotril com álcool e/ou depressores do sistema nervoso central, porque essa combinação pode aumentar os efeitos do medicamento e causar sedação grave, coma ou morte, além de depressão cardiovascular e/ou respiratória. Sobre alimentos, informa que interações com alimentos não foram estabelecidas, mas que o suco de toranja pode aumentar o efeito de Rivotril.",O QUE DEVO SABER ANTES DE USAR ESTE MEDICAMENTO?,"De acordo com a bula do medicamento RIVOTRIL, consta a seguinte informação:
Informe ao seu médico ou cirurgião-dentista se você está fazendo uso de algum outro medicamento. Não use medicamento sem o conhecimento do seu médico. Pode ser perigoso para a sua saúde. O suco de toranja pode aumentar o efeito de Rivotril[®] .

---
*Esta resposta se baseia apenas nos trechos da bula recuperados e não substitui orientação médica ou farmacêutica.*","De acordo com a bula do medicamento RIVOTRIL, consta a seguinte informação:
Informe ao seu médico ou cirurgião-dentista se você está fazendo uso de algum outro medicamento. Não use medicamento sem o conhecimento do seu médico. Pode ser perigoso para a sua saúde. O suco de toranja pode aumentar o efeito de Rivotril[®] .","QUANDO NÃO DEVO USAR ESTE MEDICAMENTO?, O QUE DEVO SABER ANTES DE USAR ESTE MEDICAMENTO?",,"[""Informe seu médico se estiver amamentando. Se você realmente precisar tomar **Rivotril[®]** , a amamentação deve ser descontinuada. \n\n## **Uso em crianças** \n\nAvaliar o risco / benefício do uso de **Rivotril[® ]** a longo prazo em pacientes pediátricos com distúrbios epilépticos. **Rivotril[® ]** pode aumentar a salivação e as secreções brônquicas em lactentes e crianças pequenas. Atenção:  manter as vias aéreas livres. \n\nNão há dados de eficácia / segurança de **Rivotril[® ]** em menores de 18 anos com distúrbio do pânico. \n\n## **Uso em idosos** \n\nOs efeitos dos benzodiazepínicos parecem ser maiores em pacientes idosos do que em pacientes mais jovens, mesmo em concentrações plasmáticas similares. \n\n## **Principais interações medicamentosas** \n\nInforme seu médico se estiver tomando outros medicamentos, incluindo as substâncias a seguir, pois elas podem interagir com **Rivotril[®]** : \n\n– Depressores do sistema nervoso central e álcool; \n\n– Medicamentos que agem no sistema nervoso: antidepressivos, medicamentos para dormir, alguns analgésicos, antipsicóticos, ansiolíticos, anticonvulsivantes; \n\n– Medicamentos para o estômago. \n\n## **Interações fármaco-alimento** \n\nInterações com alimentos não foram estabelecidas. O suco de toranja pode aumentar o efeito de **Rivotril**[®] . \n\n## **Interações fármaco-laboratório** \n\nInterações com testes laboratoriais não foram estabelecidas. \n\n**Informe ao seu médico ou cirurgião-dentista se você está fazendo uso de algum outro medicamento. Não use medicamento sem o conhecimento do seu médico. Pode ser perigoso para a sua   saúde.**"", ""## **Efeitos sobre a capacidade de dirigir e operar  máquinas** \n\nClonazepam pode lentificar as reações, efeito agravado com o uso de álcool. \n\n**Durante o tratamento, o paciente não deve dirigir veículos ou operar máquinas, pois sua habilidade e atenção podem estar prejudicadas.** \n\nAté o momento, não há informações de que **Rivotril[®  ]** cause _doping_ . Em caso de dúvidas, consulte o seu  médico. \n\n## **Gravidez e amamentação** \n\n2 \n\n**==> picture [109 x 35] intentionally omitted <==**\n\n## **Este medicamento não deve ser utilizado por mulheres grávidas sem orientação médica ou do cirurgiãodentista.** \n\n**Rivotril[® ]** só deve ser administrado a gestantes se houver indicação absoluta e se os benefícios  potenciais \n\nsuperarem os riscos para o feto. **Rivotril[® ]** pode prejudicar seu bebê. Informe seu médico se estiver grávida ou se está tentando engravidar. O uso de altas doses no último trimestre da gestação ou no trabalho de parto pode  causar irregularidades no batimento cardíaco do feto e baixa temperatura corpórea, falta de tônus muscular, depressão respiratória e dificuldade de sucção no bebê. Tanto a gestação quanto a suspensão de **Rivotril**[® ] podem exacerbar a epilepsia. \n\nInforme seu médico se estiver amamentando. Se você realmente precisar tomar **Rivotril[®]** , a amamentação deve ser descontinuada. \n\n## **Uso em crianças**"", ""3 \n\n**==> picture [109 x 35] intentionally omitted <==**\n\n## **Todo medicamento deve ser mantido fora do alcance das  crianças.** \n\n## **6. COMO DEVO USAR ESTE  MEDICAMENTO?** \n\nTome os comprimidos por via oral com pouca quantidade de líquido não alcoólico. A dose de **Rivotril[® ]** depende da doença, da resposta clínica, idade e tolerabilidade. \n\nRecomenda-se que o tratamento inicie com doses mais baixas, que podem ser aumentadas se necessário. Siga a orientação médica. \n\n## **Distúrbios epilépticos** \n\n## Adultos \n\nDose inicial: não exceder 1,5 mg/dia, dividida em 3 doses. Aumentar a critério médico. Dose de manutenção: será definida pelo seu médico, de acordo com sua resposta. \n\nDose diária máxima recomendada: 20 mg. \n\nSe você já usa outro anticonvulsivante, avise seu médico. \n\nRecém-nascidos e crianças até 10 anos de idade ou 30 kg de peso \n\nDose inicial média: 0,01 a 0,03 mg/kg/dia. Não exceder 0,05 mg/kg/dia, dividido em 2 ou 3 doses  diárias. \n\nCrianças entre 10 e 16 anos de idade: Dose inicial: 1 a 1,5 mg/dia, dividido em 2 a 3 doses. A dose pode ser aumentada, a critério médico, até atingir a dose de manutenção individual, usualmente de 3 a 6  mg/dia. Sempre que possível, dividir a dose diária em 3 doses iguais. Caso não seja possível, a maior dose deve ser tomada antes de deitar. \n\n## **Transtornos de ansiedade**"", ""**Rivotril[® ]** pode precipitar o estado de mal epiléptico (crises epilépticas em sequência rápida). Fale com seu médico antes de aumentar a dose ou interromper abruptamente esta medicação. \n\n## **Abuso e dependência do medicamento** \n\nO uso de benzodiazepínicos pode levar ao desenvolvimento de dependência física e psicológica. O risco de dependência aumenta com a dose, tratamentos prolongados e em pacientes com história de abuso de álcool ou drogas. Em caso de dependência, especialmente com doses elevadas, a descontinuação brusca do tratamento será acompanhada por sintomas de abstinência: psicoses, distúrbio comportamental, tremor, sudorese, agitação, distúrbios do sono e ansiedade, dor de cabeça, diarreia, dores musculares, câimbras, ansiedade extrema, tensão, cansaço, inquietação, alteração de humor, confusão, irritabilidade e convulsões epiléticas que podem ser associadas à doença de base. Em casos graves, desrealização (sentimentos de estranhamento ou distanciamento em relação ao ambiente), despersonalização (processo psíquico, em que se tem a impressão de que se é estranho a si mesmo), hipersensibilidade ao som, à luz, a ruídos e ao contato físico, sensações anormais, formigamentos, alucinações. O risco dos sintomas de abstinência é maior após descontinuação súbita do tratamento, portanto a retirada brusca do medicamento deve ser evitada. O tratamento (mesmo de curta duração) deve ser interrompido pela redução gradativa da dose diária. \n\n## **Efeitos sobre a capacidade de dirigir e operar  máquinas**"", ""4. O QUE DEVO SABER ANTES DE USAR ESTE   MEDICAMENTO?** \n\nAntes de tomar **Rivotril**[®] , informe seu médico se você tem ou teve: \n\n- 1) outros problemas de saúde, como doenças nos rins ou fígado (por exemplo: cirrose hepática), distúrbio neuromuscular ou respiratório, porfiria (doença em que ocorre deficiência de enzimas específicas na via da biossíntese do heme); \n\n- 2) sinais ou sintomas de depressão e/ou tentativa de suicídio; \n\n- 3) intolerância à galactose (açúcar) ou deficiência de lactase (enzima que quebra a lactose); \n\n4) ataxia cerebelar ou espinhal (descoordenação dos movimentos por problema do cerebelo ou medula); \n\n> 5) uso regular ou intoxicação aguda por álcool ou drogas. \n\nPode ocorrer perda de efeito durante o tratamento com clonazepam. \n\nNão tome **Rivotril[® ]** com álcool e/ou depressores do sistema nervoso central, essa combinação pode aumentar os efeitos de **Rivotril[®]** , com potencial sedação grave que pode resultar em coma ou morte, depressão cardiovascular e/ou respiratória. Caso ocorram reações paradoxais ** durante o tratamento, fale com seu médico, pois o uso do medicamento deve ser descontinuado. Pode ocorrer amnésia anterógrada (perda da habilidade de criar novas memórias e absorver novas informações), com o uso de benzodiazepínicos em doses terapêuticas. \n\n**Rivotril[® ]** pode precipitar o estado de mal epiléptico (crises epilépticas em sequência rápida). Fale com seu médico antes de aumentar a dose ou interromper abruptamente esta medicação. \n\n## **Abuso e dependência do medicamento**""]",6.422,4.512
fusion_rag,ollama:medgemma:4b,RIVOTRIL,medio,Como a orientação para não interromper Rivotril subitamente se relaciona com o risco de abstinência e novas crises epilépticas descrito na bula?,medio,"A bula informa que a retirada brusca deve ser evitada, pois a descontinuação súbita pode causar sintomas de abstinência, incluindo ansiedade, alterações de humor, irritabilidade e convulsões epiléticas. Também orienta que o paciente não pare de tomar Rivotril subitamente, pois pode ter novas crises epilépticas, e que a interrupção deve ocorrer com redução gradual da dose sob orientação médica.",O QUE DEVO SABER ANTES DE USAR ESTE MEDICAMENTO? / COMO DEVO USAR ESTE MEDICAMENTO?,"De acordo com a bula do medicamento RIVOTRIL, consta a seguinte informação: ""A interrupção abrupta de Rivotril pode causar sintomas de abstinência, como ansiedade, insônia, irritabilidade e novas crises epilépticas. Portanto, é importante reduzir gradualmente a dose sob orientação médica para minimizar esses efeitos.""

---
*Esta resposta se baseia apenas nos trechos da bula recuperados e não substitui orientação médica ou farmacêutica.*","De acordo com a bula do medicamento RIVOTRIL, consta a seguinte informação: ""A interrupção abrupta de Rivotril pode causar sintomas de abstinência, como ansiedade, insônia, irritabilidade e novas crises epilépticas. Portanto, é importante reduzir gradualmente a dose sob orientação médica para minimizar esses efeitos.""","PARA QUE ESTE MEDICAMENTO É INDICADO?, COMO ESTE MEDICAMENTO FUNCIONA?, QUAIS OS MALES QUE ESTE MEDICAMENTO PODE ME CAUSAR?",,"[""1. PARA QUE ESTE MEDICAMENTO É INDICADO? Adulto e pediátrico Distúrbio epiléptico** \n\n**Rivotril[® ]** é indicado para tratar crises epilépticas e espasmos infantis (síndrome de West). \n\n## **Adulto** \n\n**Rivotril[® ]** também é indicado para: \n\n## **Transtornos de ansiedade** \n\n- Como ansiolítico em geral. \n\n- Distúrbio do pânico com ou sem medo de espaços abertos. \n\n- Fobia social (medo de situações como falar em público). \n\n## **Transtornos do humor** \n\n- Transtorno afetivo bipolar (fases de depressão e mania): tratamento da mania. \n\n- Depressão maior: associado à antidepressivos na depressão ansiosa e início do tratamento. \n\n## **Síndromes psicóticas** \n\n Acatisia (inquietação extrema, geralmente provocada por medicamentos psiquiátricos). **Síndrome das pernas inquietas (desconforto ou dor nas pernas que leva à necessidade de movimentá-las, prejudicando o sono).** \n\n**Vertigem e distúrbios do equilíbrio:** náuseas, vômitos, desmaios, quedas, zumbidos e distúrbios auditivos. **Síndrome da boca ardente (sensação de queimação na parte interna da boca, sem alterações   físicas).** \n\n**"", ""**Distúrbios do sistema nervoso** : diminuição da concentração, sonolência, lentificação, hipotonia muscular, tonturas, ataxia são frequentes e geralmente transitórias. Dor de cabeça (raro). Distúrbios reversíveis: dificuldade para articular a fala, incoordenação de movimentos e da marcha, movimento anormal dos olhos. Pode haver esquecimento de fatos recentes, associado a alteração de comportamento. Pode haver aumento das crises convulsivas em determinadas formas de epilepsia. Perda da voz, movimentos grosseiros e descoordenados de braços e pernas, coma, tremor, perda de força de um lado do corpo, sensação de cabeça leve, falta de energia e formigamento e alteração da sensibilidade nas extremidades. \n\n**Distúrbios oculares** : visão dupla reversível, aparência de “olho vítreo”. \n\n**Distúrbios cardiovasculares** : palpitações, dor torácica, insuficiência cardíaca (incluindo parada  cardíaca). \n\n**Distúrbios respiratórios** : congestão pulmonar, congestão nasal, hipersecreção, tosse, falta de ar, bronquite, rinite, faringite. Pode ocorrer depressão respiratória. **Rivotril[® ]** pode aumentar a produção de saliva ou de secreção brônquica (secreção nas vias aéreas) em lactentes e crianças. \n\n**Distúrbios gastrintestinais** : perda do apetite, língua saburrosa, constipação, diarreia, boca seca, incontinência fecal (perda do controle da evacuação), gastrite, aumento do fígado, apetite aumentado, gengivas doloridas, dor abdominal, inflamação gastrintestinal, dor de dente. Náuseas e sintomas epigástricos (raro) (sintomas na região do estômago). \n\n5"", ""2. COMO ESTE MEDICAMENTO FUNCIONA?** Clonazepam pertence à classe dos benzodiazepínicos, medicamentos que causam inibição leve do sistema nervoso, com consequente ação anticonvulsivante, sedativa leve, relaxante muscular e tranquilizante. \n\nA ação de **Rivotril[® ]** oral dose única inicia em 30 a 60 minutos e se estende por 6 à 8 h em crianças e 8 a 12 h em adultos. \n\n1 \n\n**==> picture [109 x 35] intentionally omitted <==**\n\n## **"", ""5 \n\n**==> picture [109 x 35] intentionally omitted <==**\n\n**Distúrbios da pele / tecido subcutâneo** : urticária (placas avermelhadas na pele que coçam bastante), coceira, erupção cutânea, perda de cabelo transitória, crescimento anormal de pelos, inchaço na face e tornozelo, alterações da pigmentação (raro). \n\n**Distúrbios musculoesqueléticos / tecido conectivo** : fraqueza muscular, frequente e geralmente transitória. Dor muscular, dor nas costas, fratura traumática, dor na nuca, deslocamentos e tensões. \n\n**Distúrbios renais / urinários** : dificuldade para urinar, perda urinária durante o sono, noctúria (levantar para urinar à noite), retenção urinária, infecção do trato urinário. Incontinência (raro). \n\n**Distúrbios do sistema reprodutivo** : cólicas menstruais, diminuição de interesse sexual. Impotência (raro). \n\n**Distúrbios gerais** : fadiga frequente e geralmente transitória. Reações paradoxais: vide item “Distúrbios psiquiátricos”. \n\n**Lesões e envenenamento** : quedas e fraturas. Risco maior em pessoas que usam outros sedativos incluindo bebidas alcoólicas e em idosos. \n\n**Exames complementares** : diminuição do número de plaquetas (raro). Diminuição dos glóbulos brancos e anemia, alterações dos exames da função do fígado. \n\n## **Distúrbios do ouvido** : otite, vertigem. \n\n**Diversas** : desidratação, deterioração geral, febre, aumento dos gânglios linfáticos, ganho ou perda de peso, infecção viral."", ""## **Distúrbios do ouvido** : otite, vertigem. \n\n**Diversas** : desidratação, deterioração geral, febre, aumento dos gânglios linfáticos, ganho ou perda de peso, infecção viral. \n\n**Informe ao seu médico, cirurgião-dentista ou farmacêutico o aparecimento de reações indesejáveis pelo uso do medicamento. Informe também à empresa através do seu serviço de atendimento.** \n\n## **""]",4.515,4.171
fusion_rag,ollama:medgemma:4b,TYLENOL,medio,Como a indicação por idade de TYLENOL se relaciona com a contraindicação para menores de 12 anos e com a posologia descrita na bula?,medio,"A bula informa que TYLENOL comprimidos é de uso adulto e pediátrico acima de 12 anos e contraindicado para menores de 12 anos. A posologia apresentada também se aplica a adultos e crianças acima de 12 anos: TYLENOL 500 mg, 1 a 2 comprimidos, 3 a 4 vezes ao dia; ou TYLENOL 750 mg, 1 comprimido, 3 a 5 vezes ao dia, respeitando a dose máxima diária.",APRESENTAÇÕES / QUANDO NÃO DEVO USAR ESTE MEDICAMENTO? / COMO DEVO USAR ESTE MEDICAMENTO?,"De acordo com a bula do medicamento TYLENOL, consta a seguinte informação: ""TYLENOL[® ] 500 mg: 1 a 2 comprimidos, 3 a 4 vezes ao dia. TYLENOL[® ] 750 mg: 1 comprimido, 3 a 5 vezes ao dia. A dose diária máxima recomendada de paracetamol é de 4000 mg ( **8 comprimidos de TYLENOL[® ] 500 mg ou 5 comprimidos de TYLENOL® 750 mg** ) administrada em doses fracionadas, não excedendo 1000 mg/dose ( **2 comprimidos de TYLENOL[® ] 500 mg ou 1 comprimido de TYLENOL[® ] 750 mg** ), em intervalos de 4 a 6 horas, em um período de 24 horas. Duração do tratamento: depende do desaparecimento dos sintomas. Este medicamento não pode ser partido, aberto ou mastigado. Siga corretamente o modo de usar. Em caso de dúvidas sobre este medicamento, procure orientação do farmacêutico. Não desaparecendo os sintomas, procure orientação médica ou de seu cirurgião-dentista.""

---
*Esta resposta se baseia apenas nos trechos da bula recuperados e não substitui orientação médica ou farmacêutica. É recomendável consultar um profissional de saúde para orientação individualizada.*","De acordo com a bula do medicamento TYLENOL, consta a seguinte informação: ""TYLENOL[® ] 500 mg: 1 a 2 comprimidos, 3 a 4 vezes ao dia. TYLENOL[® ] 750 mg: 1 comprimido, 3 a 5 vezes ao dia. A dose diária máxima recomendada de paracetamol é de 4000 mg ( **8 comprimidos de TYLENOL[® ] 500 mg ou 5 comprimidos de TYLENOL® 750 mg** ) administrada em doses fracionadas, não excedendo 1000 mg/dose ( **2 comprimidos de TYLENOL[® ] 500 mg ou 1 comprimido de TYLENOL[® ] 750 mg** ), em intervalos de 4 a 6 horas, em um período de 24 horas. Duração do tratamento: depende do desaparecimento dos sintomas. Este medicamento não pode ser partido, aberto ou mastigado. Siga corretamente o modo de usar. Em caso de dúvidas sobre este medicamento, procure orientação do farmacêutico. Não desaparecendo os sintomas, procure orientação médica ou de seu cirurgião-dentista.""","PARA QUE ESTE MEDICAMENTO É INDICADO?, O QUE DEVO FAZER QUANDO EU ME ESQUECER DE USAR ESTE MEDICAMENTO?, COMO ESTE MEDICAMENTO FUNCIONA?, COMO DEVO USAR ESTE MEDICAMENTO?",,"[""6. COMO DEVO USAR ESTE MEDICAMENTO?** \n\nUso oral. Você deve tomar os comprimidos com líquido. O paracetamol pode ser administrado independentemente das refeições. \n\n## **Adultos e crianças acima de 12 anos:** \n\n**TYLENOL[® ] 500 mg:** 1 a 2 comprimidos, 3 a 4 vezes ao dia. \n\n**TYLENOL[® ] 750 mg:** 1 comprimido, 3 a 5 vezes ao dia. \n\nA dose diária máxima recomendada de paracetamol é de 4000 mg ( **8 comprimidos de TYLENOL[® ] 500 mg ou 5 comprimidos de TYLENOL® 750 mg** ) administrada em doses fracionadas, não excedendo 1000 mg/dose ( **2 comprimidos de TYLENOL[® ] 500 mg ou 1 comprimido de TYLENOL[® ] 750 mg** ), em intervalos de 4 a 6 horas, em um período de 24 horas. **Duração do tratamento:** depende do desaparecimento dos sintomas. \n\n**Este medicamento não pode ser partido, aberto ou mastigado.** \n\n**Siga corretamente o modo de usar. Em caso de dúvidas sobre este medicamento, procure orientação do farmacêutico. Não desaparecendo os sintomas, procure orientação médica ou de seu cirurgião-dentista.** \n\n## **"", ""2. COMO ESTE MEDICAMENTO FUNCIONA?** \n\n**TYLENOL[® ]** reduz a febre atuando no centro regulador da temperatura no Sistema Nervoso Central (SNC) e diminui a sensibilidade a dor. Seu efeito tem início 15 a 30 minutos após a administração oral e permanece por um período de 4 a 6 horas. \n\n## **"", ""1. PARA QUE ESTE MEDICAMENTO É INDICADO?** \n\nEste medicamento é indicado para a redução da febre e para o alívio temporário de dores leves a moderadas, tais como: dores associadas a resfriados comuns, dor de cabeça, dor no corpo, dor de dente, dor nas costas, dores musculares, dores leves associadas a artrites e cólicas menstruais. \n\n## **"", ""7. O QUE DEVO FAZER QUANDO EU ME ESQUECER DE USAR ESTE MEDICAMENTO?** \n\nSe você se esquecer de tomar uma dose do medicamento, faça-o assim que se lembrar, no caso de ainda haver necessidade, e então ajuste o horário das próximas tomadas. Não tome a dose dobrada para compensar a dose esquecida. \n\n**Em caso de dúvidas, procure orientação do farmacêutico ou de seu médico, ou cirurgiãodentista.** \n\n## **""]",4.514,8.719
fusion_rag,ollama:medgemma:4b,TYLENOL,medio,Qual é a dose diária máxima recomendada de TYLENOL e que risco a bula associa ao uso acima das doses recomendadas?,medio,"A dose diária máxima recomendada de paracetamol é de 4000 mg, equivalente a 8 comprimidos de TYLENOL 500 mg ou 5 comprimidos de TYLENOL 750 mg, em doses fracionadas, sem exceder 1000 mg por dose em intervalos de 4 a 6 horas em 24 horas. A bula alerta que doses excessivas acima das recomendadas podem causar danos ao fígado.",COMO DEVO USAR ESTE MEDICAMENTO? / O QUE FAZER SE ALGUÉM USAR UMA QUANTIDADE MAIOR DO QUE A INDICADA DESTE MEDICAMENTO?,"De acordo com a bula do medicamento TYLENOL, consta a seguinte informação: A dose diária máxima recomendada de paracetamol é de 4000 mg (8 comprimidos de TYLENOL[® ] 500 mg ou 5 comprimidos de TYLENOL® 750 mg) administrada em doses fracionadas, não excedendo 1000 mg/dose (2 comprimidos de TYLENOL[® ] 500 mg ou 1 comprimido de TYLENOL[® ] 750 mg), em intervalos de 4 a 6 horas, em um período de 24 horas.

---
*Esta resposta se baseia apenas nos trechos da bula recuperados e não substitui orientação médica ou farmacêutica.*","De acordo com a bula do medicamento TYLENOL, consta a seguinte informação: A dose diária máxima recomendada de paracetamol é de 4000 mg (8 comprimidos de TYLENOL[® ] 500 mg ou 5 comprimidos de TYLENOL® 750 mg) administrada em doses fracionadas, não excedendo 1000 mg/dose (2 comprimidos de TYLENOL[® ] 500 mg ou 1 comprimido de TYLENOL[® ] 750 mg), em intervalos de 4 a 6 horas, em um período de 24 horas.","O QUE DEVO FAZER QUANDO EU ME ESQUECER DE USAR ESTE MEDICAMENTO?, QUAIS OS MALES QUE ESTE MEDICAMENTO PODE ME CAUSAR?, COMO DEVO USAR ESTE MEDICAMENTO?",,"[""6. COMO DEVO USAR ESTE MEDICAMENTO?** \n\nUso oral. Você deve tomar os comprimidos com líquido. O paracetamol pode ser administrado independentemente das refeições. \n\n## **Adultos e crianças acima de 12 anos:** \n\n**TYLENOL[® ] 500 mg:** 1 a 2 comprimidos, 3 a 4 vezes ao dia. \n\n**TYLENOL[® ] 750 mg:** 1 comprimido, 3 a 5 vezes ao dia. \n\nA dose diária máxima recomendada de paracetamol é de 4000 mg ( **8 comprimidos de TYLENOL[® ] 500 mg ou 5 comprimidos de TYLENOL® 750 mg** ) administrada em doses fracionadas, não excedendo 1000 mg/dose ( **2 comprimidos de TYLENOL[® ] 500 mg ou 1 comprimido de TYLENOL[® ] 750 mg** ), em intervalos de 4 a 6 horas, em um período de 24 horas. **Duração do tratamento:** depende do desaparecimento dos sintomas. \n\n**Este medicamento não pode ser partido, aberto ou mastigado.** \n\n**Siga corretamente o modo de usar. Em caso de dúvidas sobre este medicamento, procure orientação do farmacêutico. Não desaparecendo os sintomas, procure orientação médica ou de seu cirurgião-dentista.** \n\n## **"", ""8. QUAIS OS MALES QUE ESTE MEDICAMENTO PODE ME CAUSAR?** \n\nEste medicamento pode causar algumas reações desagradáveis inesperadas. Caso você tenha uma reação alérgica, deve parar de tomar o medicamento. \n\nTYLENOL® - Paciente \n\n**==> picture [114 x 31] intentionally omitted <==**\n\nReação muito rara (ocorre em menos de 0,01% dos pacientes que utilizam este medicamento): urticária, coceira e vermelhidão no corpo, reações alérgicas a este medicamento, aumento das transaminases e erupção fixa medicamentosa. \n\n**Informe ao seu médico, cirurgião-dentista ou farmacêutico o aparecimento de reações indesejáveis pelo uso do medicamento. Informe também à empresa através do seu serviço de atendimento.** \n\n## **"", ""7. O QUE DEVO FAZER QUANDO EU ME ESQUECER DE USAR ESTE MEDICAMENTO?** \n\nSe você se esquecer de tomar uma dose do medicamento, faça-o assim que se lembrar, no caso de ainda haver necessidade, e então ajuste o horário das próximas tomadas. Não tome a dose dobrada para compensar a dose esquecida. \n\n**Em caso de dúvidas, procure orientação do farmacêutico ou de seu médico, ou cirurgiãodentista.** \n\n## **""]",3.6,5.549
fusion_rag,ollama:medgemma:4b,TYLENOL,medio,Como a ingestão de alimentos influencia a absorção de TYLENOL e como isso se relaciona com o início de ação informado na bula?,medio,"A bula informa que a absorção de TYLENOL é mais rápida em jejum. Os alimentos podem afetar a velocidade da absorção, mas não a quantidade absorvida. A bula também informa que o efeito tem início 15 a 30 minutos após a administração oral e permanece por 4 a 6 horas.",COMO ESTE MEDICAMENTO FUNCIONA? / O QUE DEVO SABER ANTES DE USAR ESTE MEDICAMENTO?,"De acordo com a bula do medicamento TYLENOL, consta a seguinte informação: ""O paracetamol pode ser administrado independentemente das refeições.""

---
*Esta resposta se baseia apenas nos trechos da bula recuperados e não substitui orientação médica ou farmacêutica.*","De acordo com a bula do medicamento TYLENOL, consta a seguinte informação: ""O paracetamol pode ser administrado independentemente das refeições.""","PARA QUE ESTE MEDICAMENTO É INDICADO?, O QUE DEVO FAZER QUANDO EU ME ESQUECER DE USAR ESTE MEDICAMENTO?, COMO ESTE MEDICAMENTO FUNCIONA?, COMO DEVO USAR ESTE MEDICAMENTO?",,"[""2. COMO ESTE MEDICAMENTO FUNCIONA?** \n\n**TYLENOL[® ]** reduz a febre atuando no centro regulador da temperatura no Sistema Nervoso Central (SNC) e diminui a sensibilidade a dor. Seu efeito tem início 15 a 30 minutos após a administração oral e permanece por um período de 4 a 6 horas. \n\n## **"", ""6. COMO DEVO USAR ESTE MEDICAMENTO?** \n\nUso oral. Você deve tomar os comprimidos com líquido. O paracetamol pode ser administrado independentemente das refeições. \n\n## **Adultos e crianças acima de 12 anos:** \n\n**TYLENOL[® ] 500 mg:** 1 a 2 comprimidos, 3 a 4 vezes ao dia. \n\n**TYLENOL[® ] 750 mg:** 1 comprimido, 3 a 5 vezes ao dia. \n\nA dose diária máxima recomendada de paracetamol é de 4000 mg ( **8 comprimidos de TYLENOL[® ] 500 mg ou 5 comprimidos de TYLENOL® 750 mg** ) administrada em doses fracionadas, não excedendo 1000 mg/dose ( **2 comprimidos de TYLENOL[® ] 500 mg ou 1 comprimido de TYLENOL[® ] 750 mg** ), em intervalos de 4 a 6 horas, em um período de 24 horas. **Duração do tratamento:** depende do desaparecimento dos sintomas. \n\n**Este medicamento não pode ser partido, aberto ou mastigado.** \n\n**Siga corretamente o modo de usar. Em caso de dúvidas sobre este medicamento, procure orientação do farmacêutico. Não desaparecendo os sintomas, procure orientação médica ou de seu cirurgião-dentista.** \n\n## **"", ""1. PARA QUE ESTE MEDICAMENTO É INDICADO?** \n\nEste medicamento é indicado para a redução da febre e para o alívio temporário de dores leves a moderadas, tais como: dores associadas a resfriados comuns, dor de cabeça, dor no corpo, dor de dente, dor nas costas, dores musculares, dores leves associadas a artrites e cólicas menstruais. \n\n## **"", ""7. O QUE DEVO FAZER QUANDO EU ME ESQUECER DE USAR ESTE MEDICAMENTO?** \n\nSe você se esquecer de tomar uma dose do medicamento, faça-o assim que se lembrar, no caso de ainda haver necessidade, e então ajuste o horário das próximas tomadas. Não tome a dose dobrada para compensar a dose esquecida. \n\n**Em caso de dúvidas, procure orientação do farmacêutico ou de seu médico, ou cirurgiãodentista.** \n\n## **""]",4.341,2.905
fusion_rag,ollama:medgemma:4b,TYLENOL,medio,"Se uma dose de TYLENOL for esquecida, como o paciente deve proceder sem dobrar dose ou ultrapassar os limites de uso da bula?",medio,"Se esquecer uma dose, a bula orienta tomá-la assim que lembrar, caso ainda haja necessidade, e então ajustar o horário das próximas tomadas. Não se deve tomar dose dobrada para compensar a dose esquecida. A posologia também limita cada dose a 1000 mg, com intervalos de 4 a 6 horas, e a dose diária máxima a 4000 mg em 24 horas.",O QUE DEVO FAZER QUANDO EU ME ESQUECER DE USAR ESTE MEDICAMENTO? / COMO DEVO USAR ESTE MEDICAMENTO?,"De acordo com a bula do medicamento TYLENOL, consta a seguinte informação: Se você se esquecer de tomar uma dose do medicamento, faça-o assim que se lembrar, no caso de ainda haver necessidade, e então ajuste o horário das próximas tomadas. Não tome a dose dobrada para compensar a dose esquecida. Em caso de dúvidas, procure orientação do farmacêutico ou de seu médico, ou cirurgiãodentista.

---
*Esta resposta se baseia apenas nos trechos da bula recuperados e não substitui orientação médica ou farmacêutica.*","De acordo com a bula do medicamento TYLENOL, consta a seguinte informação: Se você se esquecer de tomar uma dose do medicamento, faça-o assim que se lembrar, no caso de ainda haver necessidade, e então ajuste o horário das próximas tomadas. Não tome a dose dobrada para compensar a dose esquecida. Em caso de dúvidas, procure orientação do farmacêutico ou de seu médico, ou cirurgiãodentista.","O QUE DEVO FAZER QUANDO EU ME ESQUECER DE USAR ESTE MEDICAMENTO?, COMO DEVO USAR ESTE MEDICAMENTO?",,"[""7. O QUE DEVO FAZER QUANDO EU ME ESQUECER DE USAR ESTE MEDICAMENTO?** \n\nSe você se esquecer de tomar uma dose do medicamento, faça-o assim que se lembrar, no caso de ainda haver necessidade, e então ajuste o horário das próximas tomadas. Não tome a dose dobrada para compensar a dose esquecida. \n\n**Em caso de dúvidas, procure orientação do farmacêutico ou de seu médico, ou cirurgiãodentista.** \n\n## **"", ""6. COMO DEVO USAR ESTE MEDICAMENTO?** \n\nUso oral. Você deve tomar os comprimidos com líquido. O paracetamol pode ser administrado independentemente das refeições. \n\n## **Adultos e crianças acima de 12 anos:** \n\n**TYLENOL[® ] 500 mg:** 1 a 2 comprimidos, 3 a 4 vezes ao dia. \n\n**TYLENOL[® ] 750 mg:** 1 comprimido, 3 a 5 vezes ao dia. \n\nA dose diária máxima recomendada de paracetamol é de 4000 mg ( **8 comprimidos de TYLENOL[® ] 500 mg ou 5 comprimidos de TYLENOL® 750 mg** ) administrada em doses fracionadas, não excedendo 1000 mg/dose ( **2 comprimidos de TYLENOL[® ] 500 mg ou 1 comprimido de TYLENOL[® ] 750 mg** ), em intervalos de 4 a 6 horas, em um período de 24 horas. **Duração do tratamento:** depende do desaparecimento dos sintomas. \n\n**Este medicamento não pode ser partido, aberto ou mastigado.** \n\n**Siga corretamente o modo de usar. Em caso de dúvidas sobre este medicamento, procure orientação do farmacêutico. Não desaparecendo os sintomas, procure orientação médica ou de seu cirurgião-dentista.** \n\n## **""]",3.376,5.061
fusion_rag,ollama:medgemma:4b,TYLENOL,medio,Quais cuidados especiais devem ser observados em pacientes com problemas no fígado antes de usar TYLENOL e por que esse cuidado é importante segundo a bula?,medio,A bula orienta que pacientes com problemas no fígado consultem o médico antes de usar TYLENOL. Esse cuidado é importante porque a bula também alerta que não se deve tomar mais que a dose recomendada e que a superdose de paracetamol pode causar danos ao fígado.,O QUE DEVO SABER ANTES DE USAR ESTE MEDICAMENTO? / O QUE FAZER SE ALGUÉM USAR UMA QUANTIDADE MAIOR DO QUE A INDICADA DESTE MEDICAMENTO?,"De acordo com a bula do medicamento TYLENOL, consta a seguinte informação: Consulte seu médico antes de usar o medicamento. Uso em pacientes com problemas no fígado: Consulte seu médico antes de usar o medicamento. O uso de paracetamol em pacientes com problemas no fígado é uma precaução importante porque o paracetamol pode ser metabolizado pelo fígado e, em casos de disfunção hepática, a capacidade do fígado de processar o medicamento pode estar comprometida. Isso pode levar ao acúmulo de paracetamol no organismo, aumentando o risco de toxicidade para o fígado.

---
*Esta resposta se baseia apenas nos trechos da bula recuperados e não substitui orientação médica ou farmacêutica.*","De acordo com a bula do medicamento TYLENOL, consta a seguinte informação: Consulte seu médico antes de usar o medicamento. Uso em pacientes com problemas no fígado: Consulte seu médico antes de usar o medicamento. O uso de paracetamol em pacientes com problemas no fígado é uma precaução importante porque o paracetamol pode ser metabolizado pelo fígado e, em casos de disfunção hepática, a capacidade do fígado de processar o medicamento pode estar comprometida. Isso pode levar ao acúmulo de paracetamol no organismo, aumentando o risco de toxicidade para o fígado.","QUAIS OS MALES QUE ESTE MEDICAMENTO PODE ME CAUSAR?, O QUE DEVO SABER ANTES DE USAR ESTE MEDICAMENTO?, QUANDO NÃO DEVO USAR ESTE MEDICAMENTO?, COMO DEVO USAR ESTE MEDICAMENTO?",,"[""4. O QUE DEVO SABER ANTES DE USAR ESTE MEDICAMENTO?** \n\nTYLENOL® - Paciente \n\n**==> picture [114 x 31] intentionally omitted <==**\n\nVocê não deve tomar mais do que a dose recomendada (superdose) para provocar maior alívio, pois pode causar sérios problemas de saúde. Você deve consultar seu médico se a dor ou febre continuarem ou piorarem, ou se surgirem novos sintomas, pois estes sintomas podem ser sinais de doenças graves. \n\n**Uso com álcool** : consumidores de doses abusivas de álcool devem consultar seu médico para saber se podem tomar **TYLENOL[® ]** ou qualquer outro analgésico. \n\n## **Gravidez e Amamentação** \n\n## Se você estiver grávida ou amamentando, consulte o seu médico antes de usar este medicamento. **Este medicamento não deve ser utilizado por mulheres grávidas sem orientação médica ou do cirurgião-dentista.** \n\n**Uso em pacientes com problemas no fígado** : Consulte seu médico antes de usar o medicamento. **Uso em idosos** : Até o momento não são conhecidas restrições específicas ao uso de **TYLENOL[® ]** por pacientes idosos. Não existe necessidade de ajuste de dose neste grupo etário. Muito raramente, foram relatadas reações cutâneas graves em pacientes que administraram paracetamol. Os sintomas podem incluir: vermelhidão na pele, bolhas e erupções cutâneas. Se ocorrerem reações cutâneas ou piora de problemas de pele já existentes, interrompa o uso do medicamento e procure ajuda médica imediatamente. \n\n## **Não use outro produto que contenha paracetamol.** \n\n## **O paracetamol nas doses terapêuticas não foi associado à irritação gástrica.**"", ""## **Não use outro produto que contenha paracetamol.** \n\n## **O paracetamol nas doses terapêuticas não foi associado à irritação gástrica.** \n\nSe você tem pressão alta, não use este produto por mais tempo do que o indicado no rótulo, a menos que indicado por um médico. \n\nA absorção de **TYLENOL[® ]** é mais rápida se você estiver em jejum. Os alimentos podem afetar a velocidade da absorção, mas não a quantidade absorvida do medicamento. A interferência do paracetamol na metabolização de outros medicamentos e a influência destes medicamentos na ação e na toxicidade do paracetamol, em geral, não são relevantes. \n\n**Consulte seu médico antes de utilizar este medicamento se você está tomando flucloxacilina (penicilina - um antibiótico), varfarina (anticoagulante) ou outros derivados cumarínicos.** \n\n**Informe ao seu médico ou cirurgião-dentista se você está fazendo uso de algum outro medicamento.** \n\n**"", ""8. QUAIS OS MALES QUE ESTE MEDICAMENTO PODE ME CAUSAR?** \n\nEste medicamento pode causar algumas reações desagradáveis inesperadas. Caso você tenha uma reação alérgica, deve parar de tomar o medicamento. \n\nTYLENOL® - Paciente \n\n**==> picture [114 x 31] intentionally omitted <==**\n\nReação muito rara (ocorre em menos de 0,01% dos pacientes que utilizam este medicamento): urticária, coceira e vermelhidão no corpo, reações alérgicas a este medicamento, aumento das transaminases e erupção fixa medicamentosa. \n\n**Informe ao seu médico, cirurgião-dentista ou farmacêutico o aparecimento de reações indesejáveis pelo uso do medicamento. Informe também à empresa através do seu serviço de atendimento.** \n\n## **"", ""6. COMO DEVO USAR ESTE MEDICAMENTO?** \n\nUso oral. Você deve tomar os comprimidos com líquido. O paracetamol pode ser administrado independentemente das refeições. \n\n## **Adultos e crianças acima de 12 anos:** \n\n**TYLENOL[® ] 500 mg:** 1 a 2 comprimidos, 3 a 4 vezes ao dia. \n\n**TYLENOL[® ] 750 mg:** 1 comprimido, 3 a 5 vezes ao dia. \n\nA dose diária máxima recomendada de paracetamol é de 4000 mg ( **8 comprimidos de TYLENOL[® ] 500 mg ou 5 comprimidos de TYLENOL® 750 mg** ) administrada em doses fracionadas, não excedendo 1000 mg/dose ( **2 comprimidos de TYLENOL[® ] 500 mg ou 1 comprimido de TYLENOL[® ] 750 mg** ), em intervalos de 4 a 6 horas, em um período de 24 horas. **Duração do tratamento:** depende do desaparecimento dos sintomas. \n\n**Este medicamento não pode ser partido, aberto ou mastigado.** \n\n**Siga corretamente o modo de usar. Em caso de dúvidas sobre este medicamento, procure orientação do farmacêutico. Não desaparecendo os sintomas, procure orientação médica ou de seu cirurgião-dentista.** \n\n## **"", ""3. QUANDO NÃO DEVO USAR ESTE MEDICAMENTO?** \n\nVocê não deve usar **TYLENOL[® ]** se possuir alergia ao paracetamol ou a qualquer componente de sua fórmula. \n\n**Este medicamento é contraindicado para menores de 12 anos.** \n\n## **""]",5.985,4.739
