pipeline,modelo,nome_remedio,pergunta,dificuldade,resposta_esperada,secoes_esperadas,resposta_gerada,resposta_crua,secoes_recuperadas,chunk_ids_recuperados,textos_recuperados,tempo_recuperacao_segundos,tempo_inferencia_segundos,guarded_planner_primary,guarded_planner_secondary,guarded_planner_safety,guarded_expanded_sections,guarded_confidence,guarded_fallback_triggered,guarded_debug_trace
fusion_rag,ollama:phi4-mini,AMOXIL,Para que serve o Amoxil?,facil,Amoxil é um antibiótico indicado para o tratamento de infecções bacterianas causadas por germes sensíveis à ação da amoxicilina.,PARA QUE ESTE MEDICAMENTO É INDICADO?,"De acordo com a bula do medicamento AMOXIL, consta a seguinte informação: Amoxil é indicado para tratamento de infecções bacterianas causadas por germes sensíveis à ação da amoxicilina.

---
*Esta resposta se baseia apenas nos trechos da bula recuperados e não substitui orientação médica ou farmacêutica.*","De acordo com a bula do medicamento AMOXIL, consta a seguinte informação: Amoxil é indicado para tratamento de infecções bacterianas causadas por germes sensíveis à ação da amoxicilina.","COMO ESTE MEDICAMENTO FUNCIONA?, PARA QUE ESTE MEDICAMENTO É INDICADO?","chunk_29c1314f7e21, chunk_4cbe37a723e5, chunk_9514da6bb24d","[""PARA QUE ESTE MEDICAMENTO É INDICADO?** \n\n**Amoxil[®]** , antibiótico eficaz contra grande variedade de bactérias, é indicado para tratamento de infecções bacterianas causadas por germes sensíveis à ação da amoxicilina. Entretanto, seu médico pode receitar este medicamento para outro uso. Se desejar mais informações, pergunte ao seu médico. \n\n## **2."", ""PARA QUE ESTE MEDICAMENTO É INDICADO?** \n\n**Amoxil[®]** , um antibiótico eficaz contra grande variedade de bactérias, é indicado para tratamento de infecções bacterianas causadas por germes sensíveis à ação da amoxicilina. Entretanto, seu médico pode receitar este medicamento para outro uso. Se desejar mais informações, pergunte ao seu médico. \n\n## **2."", ""COMO ESTE MEDICAMENTO FUNCIONA?** \n\n**Amoxil[®]** contém uma penicilina chamada amoxicilina como ingrediente ativo. A amoxicilina pertence ao grupo dos antibióticos penicilânicos. **Amoxil[®]** é usado no tratamento de uma gama de infecções causadas por bactérias, que podem manifestar-se nos pulmões (pneumonia e bronquite), nas amígdalas (amigdalite), nos seios da face (sinusite), no trato urinário e genital, na pele e nas mucosas. **Amoxil[®]** atua destruindo as bactérias que causam essas infecções. \n\n## **3.""]",12.102,2.109,,,,,,False,{}
fusion_rag,ollama:phi4-mini,AMOXIL,Quando não devo usar Amoxil?,facil,"Amoxil não deve ser usado por pessoas alérgicas à amoxicilina, a outros antibióticos penicilínicos ou a antibióticos similares chamados cefalosporinas. Se o paciente já teve reação alérgica, como erupções na pele, ao tomar antibiótico, deve conversar com o médico antes de usar Amoxil.",QUANDO NÃO DEVO USAR ESTE MEDICAMENTO?,"De acordo com a bula do medicamento AMOXIL, consta a seguinte informação: 

- Você não deve tomar **Amoxil[®]** se você já apresentou reação alérgica ao tomar um antibiótico. 
- Não use **Amoxil[®]** durante o embarazo sem orientação médica ou do cirurgião-dentista.
- Evite usar **Amoxil[®]** se estiver grávida, exceto com recomendação médica.
- Você não deve amamentar seu bebê enquanto estiver tomando **Amoxil[®]**, mas informe ao médico antes de iniciar o tratamento caso esteja amamentando. 
- Não use **Amoxil[®]** sem consultar um médico em casos de uso concomitante com outros medicamentos, como antibióticos, anticoagulantes ou metotrexato.
- Evite usar **Amoxil[®]** se você tiver uma doença grave da glândula pituitária (hipoparquetose) devido ao risco aumentado de infecção por candidíase. 
- Não use **Amoxil[®]** sem orientação médica em idosos, crianças e outros grupos de risco específicos. 

Por favor, consulte seu médico para obter informações mais detalhadas sobre quando não deve ser usado AMOXIL.

---
*Esta resposta se baseia apenas nos trechos da bula recuperados e não substitui orientação médica ou farmacêutica.*","De acordo com a bula do medicamento AMOXIL, consta a seguinte informação: 

- Você não deve tomar **Amoxil[®]** se você já apresentou reação alérgica ao tomar um antibiótico. 
- Não use **Amoxil[®]** durante o embarazo sem orientação médica ou do cirurgião-dentista.
- Evite usar **Amoxil[®]** se estiver grávida, exceto com recomendação médica.
- Você não deve amamentar seu bebê enquanto estiver tomando **Amoxil[®]**, mas informe ao médico antes de iniciar o tratamento caso esteja amamentando. 
- Não use **Amoxil[®]** sem consultar um médico em casos de uso concomitante com outros medicamentos, como antibióticos, anticoagulantes ou metotrexato.
- Evite usar **Amoxil[®]** se você tiver uma doença grave da glândula pituitária (hipoparquetose) devido ao risco aumentado de infecção por candidíase. 
- Não use **Amoxil[®]** sem orientação médica em idosos, crianças e outros grupos de risco específicos. 

Por favor, consulte seu médico para obter informações mais detalhadas sobre quando não deve ser usado AMOXIL.","O QUE DEVO SABER ANTES DE USAR ESTE MEDICAMENTO?, QUANDO NÃO DEVO USAR ESTE MEDICAMENTO?","chunk_9d394eb70d17, chunk_622fb4d46c7e, chunk_11cbb1217441, chunk_6fd3c193ea42, chunk_7d57d737a19d","[""QUANDO NÃO DEVO USAR ESTE MEDICAMENTO?** \n\nEste medicamento não pode ser usado por pessoas alérgicas à amoxicilina, a outros antibióticos penicilínicos ou antibióticos similares, chamados cefalosporinas. Se você já teve uma reação alérgica (como erupções da pele) ao tomar um antibiótico, deve conversar com seu médico antes de usar **Amoxil[®]** . \n\n## **4."", ""QUANDO NÃO DEVO USAR ESTE MEDICAMENTO?** \n\nEste medicamento não pode ser administrado nem ingerido por pessoas alérgicas à amoxicilina, a outros antibióticos penicilínicos ou antibióticos similares, chamados cefalosporinas. Se você já teve uma reação alérgica (como erupções da pele) ao tomar um antibiótico, deve conversar com seu médico antes de usar **Amoxil[®] .** \n\n## **4. O QUE DEVO SABER ANTES DE USAR ESTE MEDICAMENTO** ? \n\nAntes de iniciar o tratamento com **Amoxil**[] , informe seu médico: \n\n- se você já apresentou reação alérgica a algum antibiótico. Isso pode incluir reações na pele ou inchaço na face ou pescoço ou dores no peito. \n\n- se você apresenta febre glandular. \n\n- se você toma medicamentos usados para prevenir coágulos sanguíneos (anticoagulantes), tais como varfarina, o seu médico fará um monitoramento e, se necessário, poderá sugerir ajustes na dose dos anticoagulantes. \n\n- se você apresenta problema nos rins. \n\n- se você não estiver urinando regularmente. \n\n- se você já teve diarreia durante ou após o uso de antibióticos. \n\n1 \n\n**==> picture [87 x 28] intentionally omitted <==**\n\n## Modelo de Texto de Bula – Pacientes Amoxil[®] Cápsulas \n\nO uso prolongado também pode resultar, ocasionalmente, em supercrescimento de microrganismos resistentes a **Amoxil[®]** ."", ""íase grave). A alimentação não interfere na ação de **Amoxil[®]** , que pode ser ingerido nas refeições. \n\n**Informe ao seu médico ou cirurgião-dentista se você está fazendo uso de algum outro medicamento. Não use medicamento sem o conhecimento do seu médico. Pode ser perigoso para a sua saúde.** \n\n**Atenção: Contém os corantes vermelho de eritrosina, azul de indigotina, dióxido de titânio e óxido de ferro amarelo que podem, eventualmente, causar reações alérgicas.** \n\n**É importante utilizar este medicamento durante todo o tempo prescrito pelo profissional de saúde habilitado, mesmo que os sinais e sintomas da infecção tenham desaparecido, pois isso não significa a cura. A interrupção do tratamento pode contribuir para o aparecimento de infecções mais graves.** \n\n## **5."", ""utâneas severas, dor no peito, vômitos repetitivos dentro de 1 a 4 horas após a administração de **Amoxil[®]** ou diarreia grave (colite pseudomembranosa). Você deve estar atento a determinados sintomas enquanto estiver recebendo **Amoxil[®]** para ajudar a reduzir o risco de quaisquer problemas. \n\n## **Efeitos sobre a capacidade de dirigir veículos e de operar máquinas** \n\nNão se observaram efeitos adversos sobre a capacidade de dirigir veículos e de operar máquinas. \n\n## **Gravidez e amamentação** \n\n**Amoxil[®]** pode ser usado na gravidez desde que os benefícios potenciais sejam maiores que os riscos potenciais associados ao tratamento. Informe seu médico se você estiver grávida ou suspeitar que está grávida. Você não deve tomar este medicamento se estiver grávida, exceto se seu médico recomendar. \n\nVocê pode amamentar seu bebê enquanto estiver tomando **Amoxil[®]** , mas há excreção de quantidades mínimas de amoxicilina no leite materno. Se você estiver amamentando, informe ao seu médico antes de iniciar o tratamento com **Amoxil[®]** . \n\n## **Este medicamento não deve ser utilizado por mulheres grávidas sem orientação médica ou do cirurgião-dentista.** \n\n**Uso compatível com o aleitamento ou doação de leite humano. O uso desse medicamento não interfere no aleitamento do bebê.** \n\n## **Atenção: Contém fenilalanina.** \n\n**Este produto contém benzoato de sódio, que pode causar reações alérgicas, como asma, especialmente em pessoas alérgicas ao ácido acetilsalicílico.** \n\n## **Uso em idosos, crianças e outros grupos de risco**"", ""se estiver grávida, exceto se seu médico recomendar. \n\nVocê pode amamentar seu bebê enquanto estiver tomando **Amoxil[®]** , mas há excreção de quantidades mínimas de amoxicilina no leite materno. Se você estiver amamentando, informe ao seu médico antes de iniciar o tratamento com **Amoxil[®]** . \n\n## **Este medicamento não deve ser utilizado por mulheres grávidas sem orientação médica ou do cirurgião-dentista.** \n\n**Uso compatível com o aleitamento ou doação de leite humano. O uso desse medicamento não interfere no aleitamento do bebê.** \n\n## **Uso em idosos, crianças e outros grupos de risco** \n\nAs recomendações especiais se referem às doses . \n\n## **Interações Medicamentosas** \n\nAlguns medicamentos podem causar efeitos indesejáveis se você os ingerir durante o tratamento com **Amoxil[®]** . Não deixe de avisar seu médico caso você esteja tomando: \n\n- medicamentos usados no tratamento de gota (probenecida ou alopurinol); \n\n- outros antibióticos; \n\n- pílulas anticoncepcionais (como acontece com outros antibióticos, talvez sejam necessárias precauções adicionais para evitar a gravidez); \n\n- anticoagulantes; \n\n- metotrexato (usado para tratar doenças como câncer e psoríase grave). A alimentação não interfere na ação de **Amoxil[®]** , que pode ser ingerido nas refeições. \n\n**Informe ao seu médico ou cirurgião-dentista se você está fazendo uso de algum outro medicamento. Não use medicamento sem o conhecimento do seu médico. Pode ser perigoso para a sua saúde.**""]",3.082,9.77,,,,,,False,{}
fusion_rag,ollama:phi4-mini,AMOXIL,"Na apresentação cápsulas, qual é a dose padrão de Amoxil para adultos e crianças acima de 40 kg?",facil,"Na apresentação cápsulas, para adultos e crianças acima de 40 kg, a dose padrão é 500 mg, equivalente a uma cápsula, três vezes ao dia, de 8 em 8 horas, nas infecções mais graves.",COMO DEVO USAR ESTE MEDICAMENTO?,"De acordo com a bula do medicamento AMOXIL, consta a seguinte informação: Para os pacientes adultos e crianças acima de 40 kg, na apresentação das cápsulas, a dose padrão de Amoxil é de 500 mg (uma cápsula) duas vezes ao dia.

---
*Esta resposta se baseia apenas nos trechos da bula recuperados e não substitui orientação médica ou farmacêutica.*","De acordo com a bula do medicamento AMOXIL, consta a seguinte informação: Para os pacientes adultos e crianças acima de 40 kg, na apresentação das cápsulas, a dose padrão de Amoxil é de 500 mg (uma cápsula) duas vezes ao dia.",COMO DEVO USAR ESTE MEDICAMENTO?,"chunk_c0033b15fe08, chunk_920654c7064a, chunk_619626ac8cd4, chunk_05bc48672ff1, chunk_6db122270a0d","[""servada em geladeira (entre 2[o] C e 8[o] C). \n\n## **Agite a suspensão oral antes de usá-la.** \n\n3 \n\n**==> picture [86 x 28] intentionally omitted <==**\n\n## Modelo de Texto de Bula – Pacientes Amoxil[®] Pó para suspensão oral \n\n## **Posologia** \n\n## **Dose para adultos e crianças acima de 40 kg** \n\nDose padrão: 250 mg três vezes ao dia (de 8 em 8 horas), podendo ser aumentada para 500 mg três vezes ao dia (de 8 em 8 horas) nas infecções mais graves. \n\n## **Tratamento com dosagem alta (máximo recomendável de 6 g ao dia em doses divididas)** \n\nRecomenda-se uma dose de 3g duas vezes ao dia (de 12 em 12 horas) nos casos que requerem tratamento de infecção respiratória purulenta (com a presença de pus) grave ou recorrente. \n\n## **Tratamento de curta duração** \n\nGonorreia: dose única de 3 g. \n\n## **Erradicação de** _**Helicobacter pylori**_ **em úlcera péptica (no duodeno ou no estômago)** \n\nPara combater o _Helicobacter_ (bactéria que ataca o estômago e o duodeno), recomenda-se o uso de **Amoxil[®]** no esquema de 750 mg a 1 g duas vezes ao dia, em associação com um inibidor da bomba de prótons (exemplo: omeprazol, lanzoprazol) e outro agente antimicrobiano (por exemplo claritromicina, metronidazol), por 7 dias. \n\n## **Dose para crianças abaixo de 40 kg** \n\nDose padrão para crianças: 20 a 50 mg/kg/dia em doses divididas (de 8 em 8 horas), até um máximo de 150 mg/kg/dia em doses divididas. \n\n## **Pacientes com insuficiência renal (dos rins)**"", ""imo de 500 mg (uma cápsula) duas vezes ao dia (de 12 em 12 horas); \n\n- insuficiência grave: máximo de 500 mg (uma cápsula) ao dia. \n\n3 \n\n**==> picture [87 x 28] intentionally omitted <==**\n\n## Modelo de Texto de Bula – Pacientes Amoxil[®] Cápsulas \n\n## **Pacientes que recebem diálise peritoneal** \n\nUsa-se a mesma posologia indicada para pacientes com insuficiência renal grave. A diálise peritoneal (processo de limpeza das substâncias tóxicas do organismo através do peritônio, membrana que envolve o abdômen) não remove a amoxicilina do corpo. \n\n## **Pacientes que recebem hemodiálise** \n\nUsa-se a mesma posologia indicada para pacientes com insuficiência renal grave. \n\nA amoxicilina é removida do sangue por hemodiálise (processo que substitui os rins na filtragem sanguínea). Portanto, uma dose adicional (500 mg para adultos e crianças acima de 40kg ou 15 mg/kg para crianças abaixo de 40 kg) pode ser administrada durante e no final de cada diálise. \n\nSeu médico poderá indicar tratamento por via parenteral (feito com aplicação de injeções intravenosas, intramusculares ou subcutâneas) nos casos em que a via oral for considerada inadequada (particularmente nos tratamentos urgentes de infecções graves). \n\nConforme o grau de insuficiência renal, talvez seu médico ache necessário reduzir a dose diária total. \n\n**Siga a orientação de seu médico, respeitando sempre os horários, as doses e a duração do tratamento. Não interrompa o tratamento sem o conhecimento de seu médico. Este medicamento não deve ser partido ou mastigado.** \n\n## **7."", ""ave. A diálise peritoneal (processo de limpeza das substâncias tóxicas do organismo através do peritônio, membrana que envolve o abdômen) não remove a amoxicilina do corpo. \n\n## **Pacientes que recebem hemodiálise** \n\nUsa-se a mesma posologia indicada para pacientes com insuficiência renal grave. \n\nA amoxicilina é removida do sangue por hemodiálise (processo que substitui os rins na filtragem sanguínea). Portanto, uma dose adicional (500 mg para adultos e crianças acima de 40kg ou 15 mg/kg para crianças abaixo de 40 kg) pode ser administrada durante e no final de cada diálise. \n\nSeu médico poderá indicar tratamento por via parenteral (feito com aplicação de injeções intravenosas, intramusculares ou subcutâneas) nos casos em que a via oral for considerada inadequada (particularmente nos tratamentos urgentes de infecções graves). \n\nConforme o grau de insuficiência renal, talvez seu médico ache necessário reduzir a dose diária total. \n\n4 \n\n**==> picture [86 x 28] intentionally omitted <==**\n\n## Modelo de Texto de Bula – Pacientes Amoxil[®] Pó para suspensão oral \n\n## **Siga a orientação de seu médico, respeitando sempre os horários, as doses e a duração do tratamento. Não interrompa o tratamento sem o conhecimento de seu médico.** \n\n## **7."", ""g ao dia em doses divididas): recomenda-se uma dose de 3 g (seis cápsulas) duas vezes ao dia (de 12 em 12 horas) em casos que requerem tratamento de infecção respiratória purulenta (com a presença de pus) grave ou recorrente. \n\n## **- Tratamento de curta duração (gonorreia): dose única de 3 g.** \n\n**Erradicação de** _**Helicobacter pylori:**_ para combater o _Helicobacter_ (bactéria que ataca o estômago e o duodeno), recomenda-se o uso de Amoxil[®] no esquema de 1 g duas vezes ao dia (de 12 em 12 horas), em associação com um medicamento conhecido como inibidor da bomba de prótons (exemplo: omeprazol, lanzoprazol) e outro agente antimicrobiano (por exemplo claritromicina, metronidazol), por 7 dias. \n\n## **Pacientes com insuficiência renal (dos rins)** \n\nNa insuficiência renal, a eliminação do antibiótico é mais lenta. Conforme o grau dessa condição, seu médico pode indicar a redução da dose diária total de acordo com o esquema descrito a seguir. \n\nAdultos e crianças acima de 40 kg \n\n- insuficiência leve: nenhuma alteração de dose; \n\n- insuficiência moderada: máximo de 500 mg (uma cápsula) duas vezes ao dia (de 12 em 12 horas); \n\n- insuficiência grave: máximo de 500 mg (uma cápsula) ao dia. \n\n3 \n\n**==> picture [87 x 28] intentionally omitted <==**\n\n## Modelo de Texto de Bula – Pacientes Amoxil[®] Cápsulas \n\n## **Pacientes que recebem diálise peritoneal**"", ""COMO DEVO USAR ESTE MEDICAMENTO?** \n\n## **Modo de usar** \n\nSiga as orientações de seu médico sobre a maneira e a hora correta de tomar o medicamento. Ele vai decidir a quantidade diária que você precisa e o tempo durante o qual você deve usar o medicamento. \n\nLeia esta bula com cautela. Se você tiver alguma dúvida, fale com seu médico. \n\nRecomenda-se ingerir o medicamento nas refeições, embora ele continue eficaz mesmo que você o tome em outros horários. \n\nContinue tomando este medicamento até o fim do tratamento prescrito pelo médico. Não pare somente porque se sente melhor. \n\n## Preparo da suspensão \n\n1. Verifique se o selo está intacto antes do uso do produto \n\n2. Para soltar o pó que fica no fundo do frasco, agite-o antes de abri-lo. Isso facilitará a reconstituição. \n\n3. Ponha água filtrada no frasco até a marca indicada e agite-o bem para misturar totalmente o pó com a água. \n\n4. Se a mistura não atingir a marca indicada, espere a espuma baixar e complete (lentamente) com água filtrada. Agite de novo o frasco e espere a espuma baixar até que a solução atinja exatamente a marca indicada. \n\nUtilize a colher dosadora para tomar o medicamento. \n\nA suspensão oral, após a reconstituição, ficará estável por 14 dias se for conservada em geladeira (entre 2[o] C e 8[o] C). \n\n## **Agite a suspensão oral antes de usá-la.** \n\n3 \n\n**==> picture [86 x 28] intentionally omitted <==**\n\n## Modelo de Texto de Bula – Pacientes Amoxil[®] Pó para suspensão oral \n\n## **Posologia** \n\n## **Dose para adultos e crianças acima de 40 kg**""]",2.898,3.376,,,,,,False,{}
fusion_rag,ollama:phi4-mini,AMOXIL,Amoxil pode causar diarreia?,facil,"Sim. Diarreia é uma reação comum, ocorrendo entre 1% e 10% dos pacientes que utilizam Amoxil.",QUAIS OS MALES QUE ESTE MEDICAMENTO PODE ME CAUSAR?,"De acordo com a bula do medicamento AMOXIL, consta a seguinte informação: 

""Reações comuns (ocorrem entre 1% e 10% dos pacientes que utilizam este medicamento): - Diarreia (várias evacuações amolecidas por dia) e enjoo; quando isso acontece, os sintomas normalmente são leves e com frequência podem ser evitados tomando-se o medicamento no início das refeições. Se continuarem ou se tornarem graves, consulte o médico.""

---
*Esta resposta se baseia apenas nos trechos da bula recuperados e não substitui orientação médica ou farmacêutica.*","De acordo com a bula do medicamento AMOXIL, consta a seguinte informação: 

""Reações comuns (ocorrem entre 1% e 10% dos pacientes que utilizam este medicamento): - Diarreia (várias evacuações amolecidas por dia) e enjoo; quando isso acontece, os sintomas normalmente são leves e com frequência podem ser evitados tomando-se o medicamento no início das refeições. Se continuarem ou se tornarem graves, consulte o médico.""",QUAIS OS MALES QUE ESTE MEDICAMENTO PODE ME CAUSAR?,"chunk_2273c1b76ec0, chunk_cf81874efa63, chunk_6313476f076e, chunk_09405370d2ab, chunk_2d77bceb8a02","[""QUAIS OS MALES QUE ESTE MEDICAMENTO PODE ME CAUSAR?** \n\nAvise seu médico o mais cedo possível se você não se sentir bem durante o tratamento com **Amoxil[®]** . Assim como todo medicamento, **Amoxil[®]** pode provocar reações adversas, porém isso não ocorre com todas as pessoas. Os efeitos colaterais deste medicamento geralmente são leves. \n\n## **Reações comuns (ocorrem entre 1% e 10% dos pacientes que utilizam este medicamento):** \n\n- Diarreia (várias evacuações amolecidas por dia) e enjoo; quando isso acontece, os sintomas normalmente são leves e com frequência podem ser evitados tomando-se o medicamento no início das refeições. Se continuarem ou se tornarem graves, consulte o médico. \n\n- Erupções da pele. \n\n## **Reações incomuns (ocorrem entre 0,1% e 1% dos pacientes que utilizam este medicamento):** \n\n- Vômito, urticária e coceira. \n\n## **Reações muito raras (ocorrem em menos de 0,01% dos pacientes que utilizam este medicamento):** \n\n- Diminuição de glóbulos brancos (leucopenia reversível), que pode resultar em infecções frequentes, como febre, calafrios, inflamação da garganta ou úlceras na boca; \n\n- Baixa contagem de plaquetas (trombocitopenia reversível), que pode resultar em sangramento ou hematomas (manchas roxas) que surgem com mais facilidade que o normal; \n\n- Destruição de glóbulos vermelhos e consequentemente anemia (anemia hemolítica), que pode resultar em cansaço, dores de cabeça e falta de ar causada pela prática de exercícios físicos, vertigem, palidez e amarelamento da pele e/ou dos olhos;"", ""QUAIS OS MALES QUE ESTE MEDICAMENTO PODE ME CAUSAR?** \n\nAvise seu médico o mais cedo possível se você não se sentir bem durante o tratamento com **Amoxil[®]** . Assim como todo medicamento, **Amoxil[®]** pode provocar reações adversas, porém isso não ocorre com todas as pessoas. Os efeitos colaterais deste medicamento geralmente são leves. \n\n## **Reações comuns (ocorrem entre 1% e 10% dos pacientes que utilizam este medicamento):** \n\n- Diarreia (várias evacuações amolecidas por dia) e enjoo; quando isso acontece, os sintomas normalmente são leves e com frequência podem ser evitados tomando-se o medicamento no início das refeições. Se continuarem ou se tornarem graves, consulte o médico; \n\n- Erupções da pele. \n\n## **Reações incomuns (ocorrem entre 0,1% e 1% dos pacientes que utilizam este medicamento):** \n\n- Vômito, urticária e coceira. \n\n## **Reações muito raras (ocorrem em menos de 0,01% dos pacientes que utilizam este medicamento):** \n\n- Diminuição de glóbulos brancos (leucopenia reversível), que pode resultar em infecções frequentes, como febre, calafrios, inflamação da garganta ou úlceras na boca; \n\n- Baixa contagem de plaquetas (trombocitopenia reversível), que pode resultar em sangramento ou hematomas (manchas roxas que surgem com mais facilidade que o normal); \n\n- Destruição de glóbulos vermelhos e consequentemente anemia (anemia hemolítica), que pode resultar em cansaço, dores de cabeça e falta de ar causada pela prática de exercícios físicos, vertigem, palidez e amarelamento da pele e/ou dos olhos;"", "", tontura; \n\n- Candidíase mucocutânea, infecção micótica (causada por fungos) que normalmente afeta as partes íntimas ou a boca; na área genital, pode provocar coceira e queimação (com a presença de uma fina camada de secreção branca), e na boca ou na língua podem surgir pintas brancas dolorosas; \n\n- Colite associada a antibióticos (inflamação no cólon (intestino grosso), causando diarreia grave, que também pode conter sangue e ser acompanhada de cólicas abdominais; \n\n- Sua língua pode mudar de cor, ficando amarela, marrom ou preta, e dar a impressão de ter pelos (língua pilosa negra); \n\n- Houve relatos de descoloração superficial dos dentes em crianças. Uma boa higiene oral ajuda a prevenir esse efeito porque o produto pode, em geral, ser removido com a escovação (apenas **Amoxil[®]** em suspensão oral); \n\n- Inflamação da membrana que reveste o cérebro (meningite asséptica); \n\n- Erupção cutânea com bolhas dispostas em círculo com crosta central ou como um colar de pérolas (doença IgA linear); \n\n5 \n\n**==> picture [86 x 28] intentionally omitted <==**\n\n## Modelo de Texto de Bula – Pacientes Amoxil[®] Pó para suspensão oral \n\n- Efeitos relacionados ao fígado; esses sintomas podem manifestar-se como enjoo, vômito, perda de apetite, sensação geral de mal-estar, febre, coceira, amarelamento da pele e dos olhos e escurecimento da urina e aumento de algumas substâncias (enzimas) produzidas pelo fígado;"", ""roxas que surgem com mais facilidade que o normal); \n\n- Destruição de glóbulos vermelhos e consequentemente anemia (anemia hemolítica), que pode resultar em cansaço, dores de cabeça e falta de ar causada pela prática de exercícios físicos, vertigem, palidez e amarelamento da pele e/ou dos olhos; \n\n- Sinais repentinos de alergia, tais como erupções da pele, prurido (coceira) ou urticária, inchaço da face, dos lábios, da língua ou de outras partes do corpo, falta de ar, respiração ofegante ou problemas para respirar; se esses sintomas ocorrerem, pare de usar o medicamento e procure socorro médico o mais rápido possível; \n\n- Dor no peito, que pode ser um sinal de uma reação alérgica potencialmente grave chamada síndrome de Kounis; \n\n- Vômitos repetitivos (1 a 4 horas após a administração de **Amoxil[®]** ), dores no estômago, sonolência anormal, diarreia e pressão baixa, que podem ser um sinal de uma reação alérgica grave denominada síndrome de enterocolite induzida por medicamentos; \n\n- Convulsões podem ocorrer em pacientes com função renal prejudicada ou que estejam recebendo doses altas do medicamento; \n\n- Hipercinesia (presença de movimentos exacerbados e incontroláveis), tontura; \n\n- Candidíase mucocutânea, infecção micótica (causada por fungos) que normalmente afeta as partes íntimas ou a boca; na área genital, pode provocar coceira e queimação (com a presença de uma fina camada de secreção branca), e na boca ou na língua podem surgir pintas brancas dolorosas;"", ""páticas) (Reação do medicamento com eosinofilia e sintomas sistêmicos (DRESS)); \n\n- uma erupção cutânea vermelha comumente observada em ambos os lados das nádegas, parte interna superior das coxas, axilas, pescoço (Exantema Intertriginoso e Flexural Simétrico Relacionado a Medicamentos (SDRIFE)). \n\n**Se qualquer desconforto incomum se manifestar enquanto você estiver tomando o medicamento, informe seu médico o mais breve possível.** \n\n**Informe ao seu médico, cirurgião-dentista ou farmacêutico o aparecimento de reações indesejáveis pelo uso do medicamento. Informe também à empresa através do seu serviço de atendimento.** \n\n## **9. O QUE FAZER SE ALGUÉM USAR UMA QUANTIDADE MAIOR QUE A INDICADA DESTE MEDICAMENTO?** \n\nÉ pouco provável que ocorram problemas graves em caso de superdosagem de amoxicilina. As reações mais comuns são enjoo, vômito e diarreia. Procure seu médico para que os sintomas sejam tratados. \n\n**Em caso de uso de grande quantidade deste medicamento, procure rapidamente socorro médico e leve a embalagem ou bula do medicamento se possível. Ligue para 0800 722 6001, se você precisar de mais orientações.** \n\n## **III) DIZERES LEGAIS** \n\nRegistro: 1.0107.0003 \n\nProduzido por: Glaxo Wellcome Production Zone Industrielle de la Peyennière, 53100, Mayenne – França. \n\n5 \n\n**==> picture [87 x 28] intentionally omitted <==**\n\n## Modelo de Texto de Bula – Pacientes Amoxil[®] Cápsulas \n\nImportado e Registrado por: **GlaxoSmithKline Brasil Ltda.** Estrada dos Bandeirantes, 8464 - Rio de Janeiro - RJ CNPJ: 33.247.743/0001-10""]",3.716,5.053,,,,,,False,{}
fusion_rag,ollama:phi4-mini,AMOXIL,Como devo guardar as cápsulas de Amoxil?,facil,"As cápsulas de Amoxil devem ser conservadas na embalagem original, protegidas da umidade e em temperatura ambiente, entre 15 °C e 30 °C. Todo medicamento deve ser mantido fora do alcance das crianças.","ONDE, COMO E POR QUANTO TEMPO POSSO GUARDAR ESTE MEDICAMENTO?","Na bula do medicamento AMOXIL, não constam informações sobre como deve-se guardar as cápsulas.

---
*Esta resposta se baseia apenas nos trechos da bula recuperados e não substitui orientação médica ou farmacêutica.*","Na bula do medicamento AMOXIL, não constam informações sobre como deve-se guardar as cápsulas.",,,[],1.217,1.247,,,,,,False,{}
fusion_rag,ollama:phi4-mini,RIVOTRIL,Para que serve o Rivotril?,facil,"Rivotril é indicado para tratar crises epilépticas e espasmos infantis, também chamados síndrome de West. Em adultos, também é indicado para transtornos de ansiedade, transtornos do humor, síndromes psicóticas, síndrome das pernas inquietas, vertigem e distúrbios do equilíbrio e síndrome da boca ardente.",PARA QUE ESTE MEDICAMENTO É INDICADO?,"De acordo com a bula do medicamento RIVOTRIL, consta a seguinte informação: Rivotril é indicado para tratar crises epilépticas e espasmos infantis (síndrome de West). Também pode ser usado como ansiolítico em geral, para distúrbios do pânico, fobia social, transtorno afetivo bipolar durante as fases mania, depressão maior associada a antidepressivos na depressão ansiosa, além de outras condições psicóticas. A ação anticonvulsivante é devido à sua composição com clonazepam, um benzodiazepínico que inibe leve o sistema nervoso.

---
*Esta resposta se baseia apenas nos trechos da bula recuperados e não substitui orientação médica ou farmacêutica.*","De acordo com a bula do medicamento RIVOTRIL, consta a seguinte informação: Rivotril é indicado para tratar crises epilépticas e espasmos infantis (síndrome de West). Também pode ser usado como ansiolítico em geral, para distúrbios do pânico, fobia social, transtorno afetivo bipolar durante as fases mania, depressão maior associada a antidepressivos na depressão ansiosa, além de outras condições psicóticas. A ação anticonvulsivante é devido à sua composição com clonazepam, um benzodiazepínico que inibe leve o sistema nervoso.","COMO ESTE MEDICAMENTO FUNCIONA?, PARA QUE ESTE MEDICAMENTO É INDICADO?","chunk_1f2c88d1dcdf, chunk_3fede5899876, chunk_b5f77dec1fb9, chunk_4569774ff1a4, chunk_d111e9aa94c7","[""PARA QUE ESTE MEDICAMENTO É INDICADO? Adulto e pediátrico Distúrbio epiléptico** \n\n**Rivotril[® ]** é indicado para tratar crises epilépticas e espasmos infantis (síndrome de West). \n\n## **Adulto** \n\n**Rivotril[® ]** também é indicado para: \n\n**Transtornos de ansiedade** \n\n- Como ansiolítico em geral. \n\n- Distúrbio do pânico com ou sem medo de espaços abertos. \n\n- Fobia social (medo de situações como falar em público). \n\n## **Transtornos do humor** \n\n- Transtorno afetivo bipolar (fases de depressão e mania): tratamento da mania. \n\n- Depressão maior: associado a antidepressivos na depressão ansiosa e início do tratamento. \n\n## **Síndromes psicóticas** \n\n Acatisia (inquietação extrema, geralmente provocada por medicamentos psiquiátricos). **Síndrome das pernas inquietas (desconforto ou dor nas pernas que leva à necessidade de movimentá-las, prejudicando o sono).** \n\n**Vertigem e distúrbios do equilíbrio:** náuseas, vômitos, desmaios, quedas, zumbidos e distúrbios  auditivos. **Síndrome da boca ardente (sensação de queimação na parte interna da boca, sem alterações   físicas).** \n\n**2."", ""PARA QUE ESTE MEDICAMENTO É INDICADO? Adulto e pediátrico Distúrbio epiléptico** \n\n**Rivotril[® ]** é indicado para tratar crises epilépticas e espasmos infantis (síndrome de West). \n\n## **Adulto** \n\n**Rivotril[® ]** também é indicado para: \n\n## **Transtornos de ansiedade** \n\n- Como ansiolítico em geral. \n\n- Distúrbio do pânico com ou sem medo de espaços abertos. \n\n- Fobia social (medo de situações como falar em público). \n\n## **Transtornos do humor** \n\n- Transtorno afetivo bipolar (fases de depressão e mania): tratamento da mania. \n\n- Depressão maior: associado à antidepressivos na depressão ansiosa e início do tratamento. \n\n## **Síndromes psicóticas** \n\n Acatisia (inquietação extrema, geralmente provocada por medicamentos psiquiátricos). **Síndrome das pernas inquietas (desconforto ou dor nas pernas que leva à necessidade de movimentá-las, prejudicando o sono).** \n\n**Vertigem e distúrbios do equilíbrio:** náuseas, vômitos, desmaios, quedas, zumbidos e distúrbios auditivos. **Síndrome da boca ardente (sensação de queimação na parte interna da boca, sem alterações   físicas).** \n\n**2."", ""PARA QUE ESTE MEDICAMENTO É INDICADO? Adulto e pediátrico Distúrbio epiléptico** \n\n**Rivotril[®  ]** é indicado para tratar crises epilépticas e espasmos infantis (síndrome de West). \n\n## **Adulto** \n\n**Rivotril[® ]** também é indicado para: \n\n## **Transtornos de ansiedade** \n\n- Como ansiolítico em geral. \n\n- Distúrbio do pânico com ou sem medo de espaços abertos. \n\n- Fobia social (medo de situações como falar em público). \n\n## **Transtornos do humor** \n\n- Transtorno afetivo bipolar (fases de depressão e mania): tratamento da mania. \n\n- Depressão maior: associado a antidepressivos na depressão ansiosa e início do tratamento. \n\n## **Síndromes psicóticas** \n\n Acatisia (inquietação extrema, geralmente provocada por medicamentos  psiquiátricos). **Síndrome das pernas inquietas (desconforto ou dor nas pernas que leva à necessidade de movimentá-las, prejudicando o sono).** \n\n**Vertigem distúrbios do equilíbrio:** náuseas, vômitos, desmaios, quedas, zumbidos e distúrbios  auditivos. **Síndrome da boca ardente (sensação de queimação na parte interna da boca, sem alterações   físicas).** \n\n**2."", ""COMO ESTE MEDICAMENTO FUNCIONA?** Clonazepam pertence à classe dos benzodiazepínicos, medicamentos que causam inibição leve do sistema nervoso, com consequente ação anticonvulsivante, sedativa leve, relaxante muscular e tranquilizante. \n\nA ação de **Rivotril[® ]** oral dose única inicia em 30 a 60 minutos e se estende por 6 à 8 h em crianças e 8 a 12 h em adultos. \n\n1 \n\n**==> picture [109 x 35] intentionally omitted <==**\n\n## **3."", ""COMO ESTE MEDICAMENTO FUNCIONA?** \n\nClonazepam pertence à classe dos benzodiazepínicos, medicamentos que causam inibição leve do sistema nervoso, com consequente ação anticonvulsivante, sedativa leve, relaxante muscular e tranquilizante. \n\nA ação de **Rivotril[® ]** oral dose única inicia em 30 a 60 minutos e se estende por 6 a 8 h em crianças e 8 a 12 h em adultos. \n\n## **3.""]",1.936,5.647,,,,,,False,{}
fusion_rag,ollama:phi4-mini,RIVOTRIL,Como o Rivotril age no organismo?,facil,"O clonazepam pertence à classe dos benzodiazepínicos, medicamentos que causam inibição leve do sistema nervoso, com ação anticonvulsivante, sedativa leve, relaxante muscular e tranquilizante.",COMO ESTE MEDICAMENTO FUNCIONA?,"De acordo com a bula do medicamento RIVOTRIL, consta a seguinte informação: Clonazepam pertence à classe dos benzodiazepínicos, medicamentos que causam inibição leve do sistema nervoso, com consequente ação anticonvulsivante, sedativa leve, relaxante muscular e tranquilizante. A ação de **Rivotril[® ]** oral dose única inicia em 30 a 60 minutos e se estende por 6 à 8 h em crianças e 8 a 12 h em adultos.

---
*Esta resposta se baseia apenas nos trechos da bula recuperados e não substitui orientação médica ou farmacêutica.*","De acordo com a bula do medicamento RIVOTRIL, consta a seguinte informação: Clonazepam pertence à classe dos benzodiazepínicos, medicamentos que causam inibição leve do sistema nervoso, com consequente ação anticonvulsivante, sedativa leve, relaxante muscular e tranquilizante. A ação de **Rivotril[® ]** oral dose única inicia em 30 a 60 minutos e se estende por 6 à 8 h em crianças e 8 a 12 h em adultos.",COMO ESTE MEDICAMENTO FUNCIONA?,"chunk_d111e9aa94c7, chunk_4569774ff1a4, chunk_decd403656d2","[""COMO ESTE MEDICAMENTO FUNCIONA?** \n\nClonazepam pertence à classe dos benzodiazepínicos, medicamentos que causam inibição leve do sistema nervoso, com consequente ação anticonvulsivante, sedativa leve, relaxante muscular e tranquilizante. \n\nA ação de **Rivotril[® ]** oral dose única inicia em 30 a 60 minutos e se estende por 6 a 8 h em crianças e 8 a 12 h em adultos. \n\n## **3."", ""COMO ESTE MEDICAMENTO FUNCIONA?** Clonazepam pertence à classe dos benzodiazepínicos, medicamentos que causam inibição leve do sistema nervoso, com consequente ação anticonvulsivante, sedativa leve, relaxante muscular e tranquilizante. \n\nA ação de **Rivotril[® ]** oral dose única inicia em 30 a 60 minutos e se estende por 6 à 8 h em crianças e 8 a 12 h em adultos. \n\n1 \n\n**==> picture [109 x 35] intentionally omitted <==**\n\n## **3."", ""COMO ESTE MEDICAMENTO FUNCIONA?** \n\nClonazepam pertence à classe dos benzodiazepínicos, medicamentos que causam inibição leve do sistema nervoso, com consequente ação anticonvulsivante, sedativa leve, relaxante muscular e tranquilizante. \n\n**3.""]",1.441,5.08,,,,,,False,{}
fusion_rag,ollama:phi4-mini,RIVOTRIL,Quem não deve usar o Rivotril?,facil,"Rivotril é contraindicado para pacientes com hipersensibilidade conhecida ao clonazepam ou a qualquer excipiente, insuficiência respiratória grave, comprometimento grave do fígado ou glaucoma agudo de ângulo fechado. Rivotril comprimidos e gotas também são contraindicados para tratamento de transtornos do pânico em pacientes com histórico de apneia do sono.",QUANDO NÃO DEVO USAR ESTE MEDICAMENTO?,"De acordo com a bula do medicamento RIVOTRIL, consta a seguinte informação: A bula fornecida não contém informações específicas sobre quem não deve usar o Rivotril. Na bula consultada de RIVOTRIL, não constam informações sobre essa pergunta.

---
*Esta resposta se baseia apenas nos trechos da bula recuperados e não substitui orientação médica ou farmacêutica.*","De acordo com a bula do medicamento RIVOTRIL, consta a seguinte informação: A bula fornecida não contém informações específicas sobre quem não deve usar o Rivotril. Na bula consultada de RIVOTRIL, não constam informações sobre essa pergunta.","COMO ESTE MEDICAMENTO FUNCIONA?, PARA QUE ESTE MEDICAMENTO É INDICADO?","chunk_1f2c88d1dcdf, chunk_b5f77dec1fb9, chunk_3fede5899876, chunk_d111e9aa94c7, chunk_4569774ff1a4","[""PARA QUE ESTE MEDICAMENTO É INDICADO? Adulto e pediátrico Distúrbio epiléptico** \n\n**Rivotril[® ]** é indicado para tratar crises epilépticas e espasmos infantis (síndrome de West). \n\n## **Adulto** \n\n**Rivotril[® ]** também é indicado para: \n\n**Transtornos de ansiedade** \n\n- Como ansiolítico em geral. \n\n- Distúrbio do pânico com ou sem medo de espaços abertos. \n\n- Fobia social (medo de situações como falar em público). \n\n## **Transtornos do humor** \n\n- Transtorno afetivo bipolar (fases de depressão e mania): tratamento da mania. \n\n- Depressão maior: associado a antidepressivos na depressão ansiosa e início do tratamento. \n\n## **Síndromes psicóticas** \n\n Acatisia (inquietação extrema, geralmente provocada por medicamentos psiquiátricos). **Síndrome das pernas inquietas (desconforto ou dor nas pernas que leva à necessidade de movimentá-las, prejudicando o sono).** \n\n**Vertigem e distúrbios do equilíbrio:** náuseas, vômitos, desmaios, quedas, zumbidos e distúrbios  auditivos. **Síndrome da boca ardente (sensação de queimação na parte interna da boca, sem alterações   físicas).** \n\n**2."", ""PARA QUE ESTE MEDICAMENTO É INDICADO? Adulto e pediátrico Distúrbio epiléptico** \n\n**Rivotril[®  ]** é indicado para tratar crises epilépticas e espasmos infantis (síndrome de West). \n\n## **Adulto** \n\n**Rivotril[® ]** também é indicado para: \n\n## **Transtornos de ansiedade** \n\n- Como ansiolítico em geral. \n\n- Distúrbio do pânico com ou sem medo de espaços abertos. \n\n- Fobia social (medo de situações como falar em público). \n\n## **Transtornos do humor** \n\n- Transtorno afetivo bipolar (fases de depressão e mania): tratamento da mania. \n\n- Depressão maior: associado a antidepressivos na depressão ansiosa e início do tratamento. \n\n## **Síndromes psicóticas** \n\n Acatisia (inquietação extrema, geralmente provocada por medicamentos  psiquiátricos). **Síndrome das pernas inquietas (desconforto ou dor nas pernas que leva à necessidade de movimentá-las, prejudicando o sono).** \n\n**Vertigem distúrbios do equilíbrio:** náuseas, vômitos, desmaios, quedas, zumbidos e distúrbios  auditivos. **Síndrome da boca ardente (sensação de queimação na parte interna da boca, sem alterações   físicas).** \n\n**2."", ""PARA QUE ESTE MEDICAMENTO É INDICADO? Adulto e pediátrico Distúrbio epiléptico** \n\n**Rivotril[® ]** é indicado para tratar crises epilépticas e espasmos infantis (síndrome de West). \n\n## **Adulto** \n\n**Rivotril[® ]** também é indicado para: \n\n## **Transtornos de ansiedade** \n\n- Como ansiolítico em geral. \n\n- Distúrbio do pânico com ou sem medo de espaços abertos. \n\n- Fobia social (medo de situações como falar em público). \n\n## **Transtornos do humor** \n\n- Transtorno afetivo bipolar (fases de depressão e mania): tratamento da mania. \n\n- Depressão maior: associado à antidepressivos na depressão ansiosa e início do tratamento. \n\n## **Síndromes psicóticas** \n\n Acatisia (inquietação extrema, geralmente provocada por medicamentos psiquiátricos). **Síndrome das pernas inquietas (desconforto ou dor nas pernas que leva à necessidade de movimentá-las, prejudicando o sono).** \n\n**Vertigem e distúrbios do equilíbrio:** náuseas, vômitos, desmaios, quedas, zumbidos e distúrbios auditivos. **Síndrome da boca ardente (sensação de queimação na parte interna da boca, sem alterações   físicas).** \n\n**2."", ""COMO ESTE MEDICAMENTO FUNCIONA?** \n\nClonazepam pertence à classe dos benzodiazepínicos, medicamentos que causam inibição leve do sistema nervoso, com consequente ação anticonvulsivante, sedativa leve, relaxante muscular e tranquilizante. \n\nA ação de **Rivotril[® ]** oral dose única inicia em 30 a 60 minutos e se estende por 6 a 8 h em crianças e 8 a 12 h em adultos. \n\n## **3."", ""COMO ESTE MEDICAMENTO FUNCIONA?** Clonazepam pertence à classe dos benzodiazepínicos, medicamentos que causam inibição leve do sistema nervoso, com consequente ação anticonvulsivante, sedativa leve, relaxante muscular e tranquilizante. \n\nA ação de **Rivotril[® ]** oral dose única inicia em 30 a 60 minutos e se estende por 6 à 8 h em crianças e 8 a 12 h em adultos. \n\n1 \n\n**==> picture [109 x 35] intentionally omitted <==**\n\n## **3.""]",1.785,3.022,,,,,,False,{}
fusion_rag,ollama:phi4-mini,RIVOTRIL,Qual é a dose inicial recomendada de Rivotril para distúrbio do pânico em adultos?,facil,"Para distúrbio do pânico em adultos, a dose inicial recomendada é 0,5 mg por dia, dividida em duas doses.",COMO DEVO USAR ESTE MEDICAMENTO?,"Na bula consultada de RIVOTRIL, consta a seguinte informação: A ação de Rivotril oral dose única inicia em 30 a 60 minutos e se estende por 6 à 8 h em crianças e 8 a 12 h em adultos. No entanto, o contexto fornecido não especifica a dose inicial recomendada para distúrbio do pânico em adultos.

---
*Esta resposta se baseia apenas nos trechos da bula recuperados e não substitui orientação médica ou farmacêutica.*","Na bula consultada de RIVOTRIL, consta a seguinte informação: A ação de Rivotril oral dose única inicia em 30 a 60 minutos e se estende por 6 à 8 h em crianças e 8 a 12 h em adultos. No entanto, o contexto fornecido não especifica a dose inicial recomendada para distúrbio do pânico em adultos.","COMO ESTE MEDICAMENTO FUNCIONA?, PARA QUE ESTE MEDICAMENTO É INDICADO?","chunk_b5f77dec1fb9, chunk_3fede5899876, chunk_1f2c88d1dcdf, chunk_4569774ff1a4, chunk_d111e9aa94c7","[""PARA QUE ESTE MEDICAMENTO É INDICADO? Adulto e pediátrico Distúrbio epiléptico** \n\n**Rivotril[®  ]** é indicado para tratar crises epilépticas e espasmos infantis (síndrome de West). \n\n## **Adulto** \n\n**Rivotril[® ]** também é indicado para: \n\n## **Transtornos de ansiedade** \n\n- Como ansiolítico em geral. \n\n- Distúrbio do pânico com ou sem medo de espaços abertos. \n\n- Fobia social (medo de situações como falar em público). \n\n## **Transtornos do humor** \n\n- Transtorno afetivo bipolar (fases de depressão e mania): tratamento da mania. \n\n- Depressão maior: associado a antidepressivos na depressão ansiosa e início do tratamento. \n\n## **Síndromes psicóticas** \n\n Acatisia (inquietação extrema, geralmente provocada por medicamentos  psiquiátricos). **Síndrome das pernas inquietas (desconforto ou dor nas pernas que leva à necessidade de movimentá-las, prejudicando o sono).** \n\n**Vertigem distúrbios do equilíbrio:** náuseas, vômitos, desmaios, quedas, zumbidos e distúrbios  auditivos. **Síndrome da boca ardente (sensação de queimação na parte interna da boca, sem alterações   físicas).** \n\n**2."", ""PARA QUE ESTE MEDICAMENTO É INDICADO? Adulto e pediátrico Distúrbio epiléptico** \n\n**Rivotril[® ]** é indicado para tratar crises epilépticas e espasmos infantis (síndrome de West). \n\n## **Adulto** \n\n**Rivotril[® ]** também é indicado para: \n\n## **Transtornos de ansiedade** \n\n- Como ansiolítico em geral. \n\n- Distúrbio do pânico com ou sem medo de espaços abertos. \n\n- Fobia social (medo de situações como falar em público). \n\n## **Transtornos do humor** \n\n- Transtorno afetivo bipolar (fases de depressão e mania): tratamento da mania. \n\n- Depressão maior: associado à antidepressivos na depressão ansiosa e início do tratamento. \n\n## **Síndromes psicóticas** \n\n Acatisia (inquietação extrema, geralmente provocada por medicamentos psiquiátricos). **Síndrome das pernas inquietas (desconforto ou dor nas pernas que leva à necessidade de movimentá-las, prejudicando o sono).** \n\n**Vertigem e distúrbios do equilíbrio:** náuseas, vômitos, desmaios, quedas, zumbidos e distúrbios auditivos. **Síndrome da boca ardente (sensação de queimação na parte interna da boca, sem alterações   físicas).** \n\n**2."", ""PARA QUE ESTE MEDICAMENTO É INDICADO? Adulto e pediátrico Distúrbio epiléptico** \n\n**Rivotril[® ]** é indicado para tratar crises epilépticas e espasmos infantis (síndrome de West). \n\n## **Adulto** \n\n**Rivotril[® ]** também é indicado para: \n\n**Transtornos de ansiedade** \n\n- Como ansiolítico em geral. \n\n- Distúrbio do pânico com ou sem medo de espaços abertos. \n\n- Fobia social (medo de situações como falar em público). \n\n## **Transtornos do humor** \n\n- Transtorno afetivo bipolar (fases de depressão e mania): tratamento da mania. \n\n- Depressão maior: associado a antidepressivos na depressão ansiosa e início do tratamento. \n\n## **Síndromes psicóticas** \n\n Acatisia (inquietação extrema, geralmente provocada por medicamentos psiquiátricos). **Síndrome das pernas inquietas (desconforto ou dor nas pernas que leva à necessidade de movimentá-las, prejudicando o sono).** \n\n**Vertigem e distúrbios do equilíbrio:** náuseas, vômitos, desmaios, quedas, zumbidos e distúrbios  auditivos. **Síndrome da boca ardente (sensação de queimação na parte interna da boca, sem alterações   físicas).** \n\n**2."", ""COMO ESTE MEDICAMENTO FUNCIONA?** Clonazepam pertence à classe dos benzodiazepínicos, medicamentos que causam inibição leve do sistema nervoso, com consequente ação anticonvulsivante, sedativa leve, relaxante muscular e tranquilizante. \n\nA ação de **Rivotril[® ]** oral dose única inicia em 30 a 60 minutos e se estende por 6 à 8 h em crianças e 8 a 12 h em adultos. \n\n1 \n\n**==> picture [109 x 35] intentionally omitted <==**\n\n## **3."", ""COMO ESTE MEDICAMENTO FUNCIONA?** \n\nClonazepam pertence à classe dos benzodiazepínicos, medicamentos que causam inibição leve do sistema nervoso, com consequente ação anticonvulsivante, sedativa leve, relaxante muscular e tranquilizante. \n\nA ação de **Rivotril[® ]** oral dose única inicia em 30 a 60 minutos e se estende por 6 a 8 h em crianças e 8 a 12 h em adultos. \n\n## **3.""]",1.611,3.462,,,,,,False,{}
fusion_rag,ollama:phi4-mini,RIVOTRIL,Rivotril pode causar sonolência?,facil,Sim. Sonolência foi uma das reações que ocorreram em 5% ou mais dos pacientes em estudos clínicos.,QUAIS OS MALES QUE ESTE MEDICAMENTO PODE ME CAUSAR?,"Na bula do medicamento RIVOTRIL, não constam informações sobre se o Rivotril pode causar sonolência.

---
*Esta resposta se baseia apenas nos trechos da bula recuperados e não substitui orientação médica ou farmacêutica.*","Na bula do medicamento RIVOTRIL, não constam informações sobre se o Rivotril pode causar sonolência.",,,[],1.114,1.864,,,,,,False,{}
fusion_rag,ollama:phi4-mini,TYLENOL,Para que serve o TYLENOL?,facil,"TYLENOL é indicado para redução da febre e para o alívio temporário de dores leves a moderadas, como dores associadas a resfriados comuns, dor de cabeça, dor no corpo, dor de dente, dor nas costas, dores musculares, dores leves associadas a artrites e cólicas menstruais.",PARA QUE ESTE MEDICAMENTO É INDICADO?,"De acordo com a bula do medicamento TYLENOL, consta a seguinte informação: O TYLENOL é indicado para a redução da febre e para o alívio temporário de dores leves a moderadas, tais como: dores associadas a resfriados comuns, dor de cabeça, dor no corpo, dor de dente, dor nas costas, dores musculares, dores leves associadas a artrites e cólicas menstruais.

---
*Esta resposta se baseia apenas nos trechos da bula recuperados e não substitui orientação médica ou farmacêutica.*","De acordo com a bula do medicamento TYLENOL, consta a seguinte informação: O TYLENOL é indicado para a redução da febre e para o alívio temporário de dores leves a moderadas, tais como: dores associadas a resfriados comuns, dor de cabeça, dor no corpo, dor de dente, dor nas costas, dores musculares, dores leves associadas a artrites e cólicas menstruais.","COMO ESTE MEDICAMENTO FUNCIONA?, PARA QUE ESTE MEDICAMENTO É INDICADO?","chunk_578c6a49ac86, chunk_a508cae3796b","[""COMO ESTE MEDICAMENTO FUNCIONA?** \n\n**TYLENOL[® ]** reduz a febre atuando no centro regulador da temperatura no Sistema Nervoso Central (SNC) e diminui a sensibilidade a dor. Seu efeito tem início 15 a 30 minutos após a administração oral e permanece por um período de 4 a 6 horas. \n\n## **3."", ""PARA QUE ESTE MEDICAMENTO É INDICADO?** \n\nEste medicamento é indicado para a redução da febre e para o alívio temporário de dores leves a moderadas, tais como: dores associadas a resfriados comuns, dor de cabeça, dor no corpo, dor de dente, dor nas costas, dores musculares, dores leves associadas a artrites e cólicas menstruais. \n\n## **2.""]",1.167,4.392,,,,,,False,{}
fusion_rag,ollama:phi4-mini,TYLENOL,Em quanto tempo o TYLENOL começa a fazer efeito?,facil,O efeito de TYLENOL começa 15 a 30 minutos após a administração oral e permanece por 4 a 6 horas.,COMO ESTE MEDICAMENTO FUNCIONA?,"Na bula consultada de TYLENOL, não constam informações sobre quando o medicamento começa a fazer efeito.

---
*Esta resposta se baseia apenas nos trechos da bula recuperados e não substitui orientação médica ou farmacêutica.*","Na bula consultada de TYLENOL, não constam informações sobre quando o medicamento começa a fazer efeito.","O QUE DEVO FAZER QUANDO EU ME ESQUECER DE USAR ESTE MEDICAMENTO?, COMO DEVO USAR ESTE MEDICAMENTO?","chunk_d4d5a2d20ab2, chunk_2f6979089ee8","[""COMO DEVO USAR ESTE MEDICAMENTO?** \n\nUso oral. Você deve tomar os comprimidos com líquido. O paracetamol pode ser administrado independentemente das refeições. \n\n## **Adultos e crianças acima de 12 anos:** \n\n**TYLENOL[® ] 500 mg:** 1 a 2 comprimidos, 3 a 4 vezes ao dia. \n\n**TYLENOL[® ] 750 mg:** 1 comprimido, 3 a 5 vezes ao dia. \n\nA dose diária máxima recomendada de paracetamol é de 4000 mg ( **8 comprimidos de TYLENOL[® ] 500 mg ou 5 comprimidos de TYLENOL® 750 mg** ) administrada em doses fracionadas, não excedendo 1000 mg/dose ( **2 comprimidos de TYLENOL[® ] 500 mg ou 1 comprimido de TYLENOL[® ] 750 mg** ), em intervalos de 4 a 6 horas, em um período de 24 horas. **Duração do tratamento:** depende do desaparecimento dos sintomas. \n\n**Este medicamento não pode ser partido, aberto ou mastigado.** \n\n**Siga corretamente o modo de usar. Em caso de dúvidas sobre este medicamento, procure orientação do farmacêutico. Não desaparecendo os sintomas, procure orientação médica ou de seu cirurgião-dentista.** \n\n## **7."", ""O QUE DEVO FAZER QUANDO EU ME ESQUECER DE USAR ESTE MEDICAMENTO?** \n\nSe você se esquecer de tomar uma dose do medicamento, faça-o assim que se lembrar, no caso de ainda haver necessidade, e então ajuste o horário das próximas tomadas. Não tome a dose dobrada para compensar a dose esquecida. \n\n**Em caso de dúvidas, procure orientação do farmacêutico ou de seu médico, ou cirurgiãodentista.** \n\n## **8.""]",1.497,1.701,,,,,,False,{}
fusion_rag,ollama:phi4-mini,TYLENOL,Como devo conservar TYLENOL?,facil,"TYLENOL deve ser conservado em temperatura ambiente, entre 15 °C e 30 °C, protegido da luz e da umidade. O medicamento deve ser guardado em sua embalagem original e mantido fora do alcance das crianças.","ONDE, COMO E POR QUANTO TEMPO POSSO GUARDAR ESTE MEDICAMENTO?","Na bula do medicamento TYLENOL, não constam informações sobre como deve-se conservar o medicamento.

---
*Esta resposta se baseia apenas nos trechos da bula recuperados e não substitui orientação médica ou farmacêutica.*","Na bula do medicamento TYLENOL, não constam informações sobre como deve-se conservar o medicamento.",,,[],1.215,1.054,,,,,,False,{}
fusion_rag,ollama:phi4-mini,TYLENOL,Qual é a dose indicada de TYLENOL 500 mg para adultos e crianças acima de 12 anos?,facil,"Para adultos e crianças acima de 12 anos, a dose de TYLENOL 500 mg é de 1 a 2 comprimidos, 3 a 4 vezes ao dia.",COMO DEVO USAR ESTE MEDICAMENTO?,"Na bula consultada do medicamento TYLENOL, não constam informações sobre essa pergunta.

---
*Esta resposta se baseia apenas nos trechos da bula recuperados e não substitui orientação médica ou farmacêutica.*","Na bula consultada do medicamento TYLENOL, não constam informações sobre essa pergunta.","COMO ESTE MEDICAMENTO FUNCIONA?, PARA QUE ESTE MEDICAMENTO É INDICADO?","chunk_a508cae3796b, chunk_578c6a49ac86","[""PARA QUE ESTE MEDICAMENTO É INDICADO?** \n\nEste medicamento é indicado para a redução da febre e para o alívio temporário de dores leves a moderadas, tais como: dores associadas a resfriados comuns, dor de cabeça, dor no corpo, dor de dente, dor nas costas, dores musculares, dores leves associadas a artrites e cólicas menstruais. \n\n## **2."", ""COMO ESTE MEDICAMENTO FUNCIONA?** \n\n**TYLENOL[® ]** reduz a febre atuando no centro regulador da temperatura no Sistema Nervoso Central (SNC) e diminui a sensibilidade a dor. Seu efeito tem início 15 a 30 minutos após a administração oral e permanece por um período de 4 a 6 horas. \n\n## **3.""]",1.251,1.252,,,,,,False,{}
fusion_rag,ollama:phi4-mini,TYLENOL,Quais reações muito raras TYLENOL pode causar segundo a seção de reações adversas?,facil,"Segundo a seção de reações adversas, TYLENOL pode causar, muito raramente, urticária, coceira e vermelhidão no corpo, reações alérgicas ao medicamento, aumento das transaminases e erupção fixa medicamentosa.",QUAIS OS MALES QUE ESTE MEDICAMENTO PODE ME CAUSAR?,"De acordo com a bula do medicamento TYLENOL, consta a seguinte informação: Reação muito rara (ocorre em menos de 0,01% dos pacientes que utilizam este medicamento): urticária, coceira e vermelhidão no corpo, reações alérgicas a este medicamento, aumento das transaminases e erupção fixa medicamentosa.

---
*Esta resposta se baseia apenas nos trechos da bula recuperados e não substitui orientação médica ou farmacêutica.*","De acordo com a bula do medicamento TYLENOL, consta a seguinte informação: Reação muito rara (ocorre em menos de 0,01% dos pacientes que utilizam este medicamento): urticária, coceira e vermelhidão no corpo, reações alérgicas a este medicamento, aumento das transaminases e erupção fixa medicamentosa.",QUAIS OS MALES QUE ESTE MEDICAMENTO PODE ME CAUSAR?,chunk_bcded81d765f,"[""QUAIS OS MALES QUE ESTE MEDICAMENTO PODE ME CAUSAR?** \n\nEste medicamento pode causar algumas reações desagradáveis inesperadas. Caso você tenha uma reação alérgica, deve parar de tomar o medicamento. \n\nTYLENOL® - Paciente \n\n**==> picture [114 x 31] intentionally omitted <==**\n\nReação muito rara (ocorre em menos de 0,01% dos pacientes que utilizam este medicamento): urticária, coceira e vermelhidão no corpo, reações alérgicas a este medicamento, aumento das transaminases e erupção fixa medicamentosa. \n\n**Informe ao seu médico, cirurgião-dentista ou farmacêutico o aparecimento de reações indesejáveis pelo uso do medicamento. Informe também à empresa através do seu serviço de atendimento.** \n\n## **9.""]",1.434,3.35,,,,,,False,{}
